ID,Name,Category,Gender,Follower Count,Platform
1,Steven Soto,Wellness,Male,147528,Facebook
2,Janet Smith,Bodybuilding,Male,895192,Instagram
3,Jared Jones,Wellness,Male,176778,Instagram
4,Candace Yates,Fitness,Male,598879,Instagram
5,Dr. Jason Rodriguez,Wellness,Male,56736,Twitter
6,Heather Russo,Bodybuilding,Female,357005,Twitter
7,Virginia Edwards,Bodybuilding,Male,171485,Facebook
8,Jamie Payne,Bodybuilding,Male,332905,Twitter
9,Angel May,Wellness,Male,384977,YouTube
10,Jennifer Adams,Bodybuilding,Male,628420,Twitter
11,Beth Wise,Fitness,Female,340414,YouTube
12,Aaron Estrada,Nutrition,Male,77630,Twitter
13,Tracy Schneider,Nutrition,Female,353837,Instagram
14,Kimberly Maddox,Nutrition,Female,319967,YouTube
15,Samantha Jones,Fitness,Female,711119,Instagram
16,Bridget Christensen,Fitness,Male,523655,Twitter
17,Sharon Young,Bodybuilding,Male,979508,Facebook
18,Chad Solis,Bodybuilding,Female,171700,YouTube
19,Dean Flores,Nutrition,Male,46557,Facebook
20,Hannah Smith,Bodybuilding,Male,127916,Facebook
21,Cameron Wilson,Wellness,Female,648094,Facebook
22,Mary Mcneil,Fitness,Male,835129,Twitter
23,Andrew Rocha,Wellness,Male,381612,Facebook
24,Brandon Dennis,Bodybuilding,Male,419435,Facebook
25,James Coffey,Fitness,Male,862315,Facebook
26,Joseph Carpenter,Nutrition,Male,462740,Twitter
27,Sandra Foster,Wellness,Male,996141,Instagram
28,Robin Perkins,Nutrition,Female,197521,YouTube
29,David Wilson,Fitness,Female,354011,Instagram
30,Joshua Dougherty,Nutrition,Female,823506,Facebook
31,Vanessa Ramirez DVM,Nutrition,Female,846719,YouTube
32,Angela Mendez,Nutrition,Female,643628,Twitter
33,Maurice Powers,Bodybuilding,Female,657903,Instagram
34,Julie Scott,Nutrition,Male,848718,Facebook
35,Ricky Flores,Bodybuilding,Male,859127,Twitter
36,Erica Thomas,Nutrition,Male,780178,YouTube
37,Stephanie Alvarez,Fitness,Male,333956,Instagram
38,Melanie Wallace,Fitness,Male,227679,Twitter
39,Kimberly Anderson,Fitness,Female,824274,YouTube
40,Dakota Patton,Bodybuilding,Female,965698,Twitter
41,Michael Garcia,Wellness,Female,747757,Twitter
42,Brandon Shelton,Bodybuilding,Male,697595,Twitter
43,Amy Jenkins,Bodybuilding,Female,857373,Twitter
44,Leslie Hernandez,Wellness,Male,718998,Twitter
45,Amanda Ellis,Wellness,Female,913420,Facebook
46,David Howard,Fitness,Female,997507,Twitter
47,Omar Wallace,Wellness,Male,640123,Twitter
48,Thomas Mendoza,Wellness,Female,248404,Facebook
49,Stephanie Mathis,Fitness,Female,643620,YouTube
50,Paige Martinez,Wellness,Male,61149,Instagram
51,Mrs. Kim Riddle,Wellness,Male,468930,Instagram
52,Meredith Simpson,Fitness,Female,176530,Instagram
53,Jessica Garrett,Fitness,Female,483978,Instagram
54,Carmen Graham,Wellness,Female,916653,Twitter
55,Blake Murphy,Nutrition,Female,877184,Facebook
56,Julie Bell,Nutrition,Male,699139,Twitter
57,Stephanie Wade,Bodybuilding,Male,594295,Instagram
58,Tiffany Sanchez,Nutrition,Female,325109,Twitter
59,Jesse Carroll,Nutrition,Female,527673,Twitter
60,Anna Tran,Wellness,Male,629644,Facebook
61,Brian Rich,Fitness,Male,169457,Instagram
62,Kayla Chen,Wellness,Male,557129,YouTube
63,Daniel Green,Nutrition,Male,245423,YouTube
64,Jennifer Taylor,Fitness,Male,968111,Twitter
65,Kelly Johnson,Bodybuilding,Female,581328,YouTube
66,Brian Griffin,Wellness,Male,70671,Facebook
67,Michelle Calderon,Wellness,Male,540702,Instagram
68,Jessica Estrada,Fitness,Male,775569,Twitter
69,Michelle Howe,Fitness,Female,620097,Facebook
70,John Elliott,Nutrition,Female,499080,Instagram
71,Nicholas Carney,Fitness,Male,139430,YouTube
72,Harry Chambers,Fitness,Male,952863,YouTube
73,Anna Ware,Nutrition,Female,697530,Twitter
74,Amber Wagner DDS,Nutrition,Female,124807,Facebook
75,Marcus Nguyen,Wellness,Male,883758,YouTube
76,Madeline Murphy,Fitness,Male,851121,Facebook
77,Brandon Hernandez,Fitness,Male,14519,YouTube
78,David Adams,Nutrition,Female,237929,Facebook
79,Mark Harrison,Nutrition,Female,264032,Twitter
80,Colin Jackson,Fitness,Female,822990,Instagram
81,Jessica Williams,Wellness,Female,57529,Twitter
82,Eric Jackson,Nutrition,Female,155197,Facebook
83,Michael Robinson,Wellness,Female,97059,Instagram
84,Jennifer Bowers,Wellness,Female,550143,Instagram
85,Willie Harris,Wellness,Male,709120,Twitter
86,Miguel Underwood,Fitness,Female,906853,YouTube
87,Billy Warren,Wellness,Female,477647,Twitter
88,Katherine Perez,Nutrition,Male,747157,Twitter
89,Victoria Lee,Nutrition,Male,863229,YouTube
90,Harry Olson,Nutrition,Male,394998,YouTube
91,Patrick Bryant,Fitness,Male,621173,Twitter
92,Courtney French,Wellness,Female,103859,Instagram
93,Amanda Vega,Bodybuilding,Female,732723,YouTube
94,James Diaz,Nutrition,Female,691418,Twitter
95,Jesse Thomas,Fitness,Male,70672,YouTube
96,Timothy Moody,Nutrition,Female,622527,Facebook
97,Miss Joanna Valdez,Bodybuilding,Male,955370,YouTube
98,John Smith,Wellness,Female,257662,Instagram
99,John Freeman,Nutrition,Male,248007,Instagram
100,Jessica Becker,Nutrition,Female,845517,Facebook
101,Kelly Baxter,Wellness,Male,891738,Twitter
102,Ms. Michelle Moore,Wellness,Female,561409,Twitter
103,Brett Sanders,Bodybuilding,Male,573639,Instagram
104,Michael Olson,Nutrition,Male,563168,YouTube
105,William Shaw,Fitness,Female,66043,Facebook
106,Michael Roy,Fitness,Female,153842,Twitter
107,Alicia Novak,Nutrition,Female,900456,Instagram
108,Johnny Smith,Fitness,Female,900348,YouTube
109,Gloria Shea,Wellness,Male,93218,Instagram
110,Mrs. Tonya Johnson,Fitness,Female,277953,Instagram
111,John Walker,Fitness,Male,638681,Twitter
112,Rebecca Padilla,Nutrition,Female,721957,Instagram
113,Michael Daugherty,Nutrition,Female,565636,Facebook
114,Alexis Brooks,Bodybuilding,Female,253175,YouTube
115,Patricia Rodriguez,Wellness,Male,176799,Facebook
116,John Mcdowell,Bodybuilding,Female,591486,Twitter
117,Jon Davis,Fitness,Female,728901,Instagram
118,Brandon Webb,Bodybuilding,Male,675812,YouTube
119,Matthew Lewis,Wellness,Female,836103,YouTube
120,Brad Lopez,Fitness,Female,533659,Instagram
121,Michael Carroll,Bodybuilding,Male,424681,Twitter
122,Ian Phelps,Fitness,Female,663281,Facebook
123,Harry Smith,Wellness,Female,244849,YouTube
124,Jesse George,Bodybuilding,Male,141240,Facebook
125,Miguel Miller,Bodybuilding,Female,306006,YouTube
126,Julia Jackson,Bodybuilding,Female,865048,Twitter
127,Tara Harvey,Wellness,Male,88230,Instagram
128,Jessica Harrison,Fitness,Male,965901,Twitter
129,Aaron Miller,Fitness,Male,728849,YouTube
130,Taylor Hill,Bodybuilding,Male,633555,YouTube
131,Dana Butler,Wellness,Male,226818,Facebook
132,Kevin Richardson,Bodybuilding,Male,659439,Twitter
133,Tara Preston,Bodybuilding,Male,208744,Facebook
134,Susan Williams,Nutrition,Female,903673,YouTube
135,Michelle Mcpherson,Wellness,Female,219456,Twitter
136,Gregg Scott,Fitness,Female,597507,Instagram
137,Crystal Berg,Bodybuilding,Male,262361,Instagram
138,Renee Bruce,Bodybuilding,Male,580493,Instagram
139,Keith Tran,Nutrition,Female,861136,Facebook
140,Cathy Bradley,Bodybuilding,Male,560746,Twitter
141,Brad Sellers,Fitness,Male,797900,Facebook
142,Catherine Kelly,Fitness,Male,100772,Twitter
143,Jonathan Martinez MD,Nutrition,Female,860149,Facebook
144,Michelle Stokes,Bodybuilding,Female,822081,Twitter
145,Joseph Green,Bodybuilding,Male,973344,Facebook
146,Kimberly Kelley,Nutrition,Male,70039,Twitter
147,Emily Gray,Nutrition,Male,667770,Instagram
148,Patrick Harris,Nutrition,Female,783109,Facebook
149,Danielle Brown,Fitness,Male,436921,Instagram
150,Joshua Foster,Fitness,Male,73892,Facebook
151,Cameron Rogers,Wellness,Male,671206,YouTube
152,Frederick Austin,Wellness,Female,913825,YouTube
153,Nicholas Mccormick,Wellness,Male,545841,YouTube
154,Katherine Reyes,Bodybuilding,Male,921253,YouTube
155,Stacy Cline,Bodybuilding,Female,15602,Twitter
156,Sarah Lara,Nutrition,Female,594416,Facebook
157,Caitlyn Silva,Fitness,Female,132127,Instagram
158,Mr. Samuel Guerrero,Bodybuilding,Female,733429,Facebook
159,Joshua Wilson,Wellness,Female,168918,Facebook
160,Donna Lowery,Fitness,Male,610191,YouTube
161,Clifford Berry,Nutrition,Male,359155,YouTube
162,Joshua Beck,Wellness,Male,836714,Facebook
163,Sheri Hale,Nutrition,Male,75298,Facebook
164,Anne Lee,Wellness,Female,395224,YouTube
165,David Jackson,Wellness,Female,534577,Facebook
166,Brian Meyer,Bodybuilding,Male,840478,YouTube
167,David Keller Jr.,Fitness,Female,844641,Facebook
168,Elizabeth Bryant,Nutrition,Female,803602,Instagram
169,Peter Williams,Nutrition,Male,422767,Instagram
170,Donald Robinson,Wellness,Female,357049,YouTube
171,Cynthia Jackson,Fitness,Male,179052,Instagram
172,Judy Johnson,Wellness,Male,419802,Instagram
173,Cassandra Baker,Bodybuilding,Male,719261,Facebook
174,David Higgins,Wellness,Female,149376,Twitter
175,Pamela Goodman,Bodybuilding,Female,597825,YouTube
176,Megan Campbell,Bodybuilding,Male,956130,Twitter
177,Robert Potts,Nutrition,Male,435249,Twitter
178,Vickie Smith,Nutrition,Female,101157,YouTube
179,Andrea Shaw,Nutrition,Male,930927,Instagram
180,Erin Kelly,Wellness,Female,854751,Facebook
181,Nicholas Cuevas,Bodybuilding,Female,267311,YouTube
182,Donald Ford,Nutrition,Male,581653,Instagram
183,Michael Fisher,Bodybuilding,Female,815120,Instagram
184,Melissa Moore,Wellness,Female,587826,Twitter
185,Bryan Brooks,Fitness,Female,194531,Facebook
186,Justin Henderson,Fitness,Female,460546,Instagram
187,Paul Hawkins,Fitness,Male,819872,Facebook
188,Matthew Davis,Bodybuilding,Female,728755,Instagram
189,Natasha Robinson,Wellness,Female,904752,YouTube
190,Douglas Sawyer,Wellness,Female,809707,YouTube
191,Michael Lee,Wellness,Male,597730,Twitter
192,Amber Garcia,Nutrition,Male,933205,Facebook
193,Nicholas Pacheco,Wellness,Male,80351,Instagram
194,James Snyder,Bodybuilding,Male,169222,Instagram
195,Samantha Martinez,Bodybuilding,Female,316874,Instagram
196,Katrina Chapman,Nutrition,Female,779536,Instagram
197,Jonathan Lopez,Fitness,Female,810999,Twitter
198,Keith Horn,Fitness,Male,600969,YouTube
199,Joseph Myers,Nutrition,Male,144767,Facebook
200,Adrienne Norris,Wellness,Female,448716,Twitter
201,Ivan Chambers,Bodybuilding,Female,410448,Instagram
202,Caleb Boyd,Bodybuilding,Female,691219,Instagram
203,Angela Scott,Fitness,Male,526706,Twitter
204,Jared Brown,Fitness,Female,805966,Instagram
205,Christopher Parker,Fitness,Male,949867,YouTube
206,Robert Hebert,Nutrition,Male,197455,Instagram
207,Dean Parrish,Bodybuilding,Male,119403,Instagram
208,Joseph Griffin,Wellness,Male,344307,YouTube
209,Natasha Moore,Nutrition,Female,365624,YouTube
210,Samuel Moore,Bodybuilding,Female,230221,Instagram
211,Scott Jones,Fitness,Female,710071,Instagram
212,Anne Valentine,Fitness,Male,66080,Twitter
213,Mr. Michael George Jr.,Wellness,Male,223304,YouTube
214,Damon May,Wellness,Male,121412,YouTube
215,Lisa Reed,Fitness,Female,705485,YouTube
216,Joseph White,Fitness,Male,777907,Twitter
217,Lisa Schmidt,Fitness,Female,574347,Facebook
218,Kelly Smith,Bodybuilding,Male,220510,Twitter
219,Derek Turner,Wellness,Female,922207,Twitter
220,Stacy Gonzalez,Fitness,Male,404612,YouTube
221,Dr. Laura Watkins,Fitness,Female,414543,Twitter
222,Mary Love,Wellness,Female,22328,Twitter
223,Amy Morrison,Wellness,Male,607349,Twitter
224,Michael Keller,Wellness,Female,993374,Facebook
225,Nicholas Petty,Wellness,Female,257180,Facebook
226,Lonnie Lamb,Bodybuilding,Male,818109,Twitter
227,Erica Burnett,Nutrition,Male,614203,Instagram
228,Kimberly Andrews,Wellness,Male,984366,Instagram
229,Sean West,Bodybuilding,Male,965993,Instagram
230,Catherine Jones,Fitness,Male,536033,Facebook
231,Charles Smith,Wellness,Female,247509,Facebook
232,Andrew Lee,Bodybuilding,Female,969289,Facebook
233,Robert Marshall,Wellness,Female,638434,Twitter
234,Brian Obrien,Wellness,Male,131222,Twitter
235,Amy Williams,Fitness,Female,940674,Facebook
236,Scott Alexander,Bodybuilding,Male,486536,Twitter
237,Victoria Hood,Bodybuilding,Male,606095,Facebook
238,Bill Robles,Nutrition,Male,818447,Facebook
239,Michelle Fernandez,Wellness,Female,509446,YouTube
240,Donna Hamilton,Nutrition,Male,89715,Twitter
241,Richard West,Fitness,Male,890723,Instagram
242,Donald Hunter,Wellness,Female,412448,Instagram
243,Robert Francis,Nutrition,Female,561709,YouTube
244,Kimberly Ruiz,Nutrition,Female,39200,Instagram
245,Mr. Juan Weiss,Bodybuilding,Male,160552,Instagram
246,Justin Warren,Nutrition,Male,771557,Twitter
247,Loretta Mills,Wellness,Female,981388,YouTube
248,Laura Jackson,Bodybuilding,Male,917191,Instagram
249,Frank Perez,Bodybuilding,Female,689679,Instagram
250,Johnny Villarreal,Fitness,Female,810358,Twitter
251,Jordan Andrade,Fitness,Female,13156,Instagram
252,Courtney Harris,Fitness,Male,646293,Twitter
253,Mary Hoover,Wellness,Female,255584,YouTube
254,Dean Parker,Nutrition,Male,533181,Twitter
255,Holly Ross,Fitness,Female,33891,Twitter
256,Jason Summers,Nutrition,Male,433118,Twitter
257,Erin Sims,Fitness,Female,691388,Facebook
258,Ryan Terry,Fitness,Female,853650,Twitter
259,Anthony Thomas,Wellness,Female,522802,Facebook
260,Robert Hull,Bodybuilding,Female,620887,Instagram
261,Timothy Hood,Nutrition,Female,968654,Instagram
262,Seth Crawford,Nutrition,Male,181834,YouTube
263,Alexander Williams,Fitness,Male,52636,Facebook
264,Michael Tran,Fitness,Male,175201,Instagram
265,Kenneth Stevenson,Wellness,Male,62572,Facebook
266,Emily Kelly,Nutrition,Female,500873,Twitter
267,Robin Flores,Bodybuilding,Male,24105,Twitter
268,Kristina Black,Nutrition,Male,712871,Twitter
269,Abigail Schmidt,Bodybuilding,Male,468873,YouTube
270,Mark Young,Nutrition,Male,651163,Instagram
271,Jessica Strong,Nutrition,Female,213019,Twitter
272,Robert Fischer,Wellness,Male,173399,Twitter
273,Yolanda Thompson,Nutrition,Male,562003,Twitter
274,Jacob Clarke,Fitness,Female,908177,Instagram
275,Paul Peterson,Bodybuilding,Female,220739,Instagram
276,Carol Jones,Wellness,Female,366175,Twitter
277,Courtney Lee,Nutrition,Male,476920,Instagram
278,Anne Christensen,Nutrition,Male,297749,Instagram
279,Thomas Ramirez,Nutrition,Male,332286,Facebook
280,Ryan Reynolds,Bodybuilding,Male,858746,Twitter
281,Diane Davis,Wellness,Male,485764,Twitter
282,Cynthia Hernandez,Fitness,Male,304211,Twitter
283,Charles Oliver,Bodybuilding,Female,690764,Facebook
284,Diane Barajas MD,Wellness,Female,92214,Facebook
285,Scott Lara,Fitness,Female,120539,YouTube
286,Sabrina Jensen,Wellness,Male,286751,YouTube
287,Douglas Hughes,Fitness,Female,455254,YouTube
288,Danny Hodges,Bodybuilding,Female,376586,YouTube
289,John Miller,Nutrition,Female,887543,YouTube
290,Albert Taylor,Fitness,Female,20016,Instagram
291,Christian Decker,Fitness,Male,366527,YouTube
292,Jordan Davis,Wellness,Female,365991,Instagram
293,Richard Fisher,Nutrition,Male,972803,YouTube
294,Emily Hall,Wellness,Male,642796,Facebook
295,Patricia Murray,Nutrition,Female,587480,Facebook
296,Miss Kelly Melton PhD,Bodybuilding,Female,56545,Instagram
297,Nicholas Lewis,Bodybuilding,Female,498734,Twitter
298,Amanda Gibson,Nutrition,Male,44229,Facebook
299,Stephanie Banks,Nutrition,Female,706164,Twitter
300,Tracy Ramirez,Nutrition,Male,298097,YouTube
301,Mr. Scott Rivera,Fitness,Female,104545,YouTube
302,Carol Brown,Bodybuilding,Male,604442,Twitter
303,Rhonda Peterson MD,Bodybuilding,Female,285487,Facebook
304,Cheryl Reeves,Nutrition,Male,190992,Instagram
305,Megan Murray,Bodybuilding,Male,535851,Facebook
306,Linda Jackson,Nutrition,Female,83657,Facebook
307,Amanda Park,Nutrition,Male,242546,YouTube
308,Dr. Jennifer Burns,Nutrition,Female,902323,Instagram
309,Mrs. Amy Cooley,Fitness,Female,928026,Facebook
310,Amber Ellis,Nutrition,Male,865429,Twitter
311,Joseph Mendez,Wellness,Female,916709,Twitter
312,Luke Jones,Bodybuilding,Male,39899,YouTube
313,Danielle Calderon,Nutrition,Female,824408,Instagram
314,Mary Hogan,Wellness,Male,225946,Twitter
315,Aaron Davis,Fitness,Female,899717,Facebook
316,David Fitzgerald,Fitness,Female,747217,Instagram
317,Jeremiah Lopez,Bodybuilding,Male,791813,Instagram
318,Jennifer Harrison,Nutrition,Female,331672,YouTube
319,Ryan Abbott,Nutrition,Male,289850,Instagram
320,Travis Haas,Wellness,Male,289634,Facebook
321,Katie Knapp,Nutrition,Female,688919,Twitter
322,Christopher Cardenas,Bodybuilding,Female,61843,Instagram
323,Richard Becker,Bodybuilding,Female,664077,Instagram
324,Andre Richards,Bodybuilding,Male,734633,YouTube
325,Heather Stanton,Bodybuilding,Male,309147,YouTube
326,Emily Becker,Wellness,Female,117635,YouTube
327,Miguel Brown,Wellness,Female,757809,Twitter
328,David Fields,Wellness,Male,73829,Facebook
329,Nicole Wright,Wellness,Male,49605,Twitter
330,Donald Smith,Fitness,Male,570742,Facebook
331,Christopher Villanueva,Nutrition,Male,720400,Instagram
332,Wayne Hernandez,Wellness,Male,519544,Twitter
333,Susan Carpenter,Bodybuilding,Male,35917,Facebook
334,Anne Johnson,Fitness,Male,344080,Twitter
335,Angela Horton,Wellness,Male,263968,Twitter
336,Carlos Snyder,Wellness,Female,881415,Instagram
337,Matthew Barnett,Wellness,Male,942350,YouTube
338,Jodi Moore,Wellness,Female,845007,Twitter
339,Mrs. Elizabeth Cochran PhD,Wellness,Female,538679,Twitter
340,Crystal Flowers,Bodybuilding,Male,918671,Twitter
341,Tracy Gray,Fitness,Female,49946,Twitter
342,Jeff Coleman,Wellness,Male,562010,YouTube
343,Angela Bullock,Fitness,Male,241209,Twitter
344,Andrew Sanchez,Fitness,Male,510745,Facebook
345,Michele Nguyen,Wellness,Female,38380,YouTube
346,Deborah Crawford,Nutrition,Female,376332,Facebook
347,Amy Bryant,Bodybuilding,Male,407826,Instagram
348,Sharon Stevenson,Nutrition,Male,547895,Instagram
349,Matthew Smith,Fitness,Male,969974,Facebook
350,Jerry Duffy,Fitness,Female,776984,Twitter
351,Derek Morris,Bodybuilding,Male,899199,YouTube
352,Kenneth Tucker,Fitness,Female,712040,YouTube
353,Mrs. Shirley Green,Fitness,Female,361715,Twitter
354,Daniel Hahn,Bodybuilding,Male,454871,Facebook
355,Luke Baker,Nutrition,Male,678312,Twitter
356,James Lee,Fitness,Female,671301,Instagram
357,James Gonzalez Jr.,Fitness,Female,42900,Twitter
358,Travis Benitez,Bodybuilding,Male,570241,Facebook
359,James Patton,Wellness,Female,839770,Twitter
360,Harry Singleton,Wellness,Female,218402,Twitter
361,Nicholas Carlson,Nutrition,Female,903775,Facebook
362,Rachel Rosario,Nutrition,Female,260094,Twitter
363,Gary Johnson,Bodybuilding,Male,207184,Twitter
364,Michael Stephens,Wellness,Female,505667,Instagram
365,Darrell Wilson,Wellness,Female,95480,YouTube
366,William Hayes,Fitness,Male,69655,Twitter
367,Michael Reeves,Wellness,Male,565588,Facebook
368,Margaret Hobbs,Bodybuilding,Male,803061,Twitter
369,Kyle Rodriguez,Wellness,Male,905271,YouTube
370,Lori Ho,Wellness,Female,522636,Instagram
371,Heather Thomas,Nutrition,Female,291438,Facebook
372,Alejandro Jones,Bodybuilding,Male,113416,Facebook
373,Thomas Nelson,Fitness,Male,92280,Facebook
374,Ashlee Lawrence MD,Wellness,Male,737143,Instagram
375,Anthony Robinson,Wellness,Female,924267,Twitter
376,Brenda Ferguson,Wellness,Female,727346,Instagram
377,Christopher Williams,Nutrition,Male,572846,YouTube
378,Natalie Bond,Nutrition,Male,752257,YouTube
379,Paula Wilson,Wellness,Male,468068,YouTube
380,Debra White,Bodybuilding,Female,698868,Twitter
381,Matthew Jones,Wellness,Female,918492,Instagram
382,Patricia Campbell,Bodybuilding,Male,731981,Twitter
383,Gregory Jenkins,Nutrition,Male,924614,YouTube
384,Kimberly Bowen,Nutrition,Male,331249,Twitter
385,April Blackburn,Nutrition,Male,419783,YouTube
386,Sabrina Williams,Nutrition,Female,794077,Instagram
387,Karen Wheeler,Fitness,Female,889942,YouTube
388,Alyssa Hall,Bodybuilding,Male,615006,Instagram
389,Larry Barrera,Nutrition,Male,926766,Twitter
390,Justin Vasquez,Nutrition,Male,23367,YouTube
391,Glenn Walker,Wellness,Male,318464,YouTube
392,Dean Tran,Nutrition,Male,601583,Instagram
393,Anne Solis,Wellness,Male,216329,Facebook
394,Blake Bell,Nutrition,Male,270154,Instagram
395,Kathryn Chavez,Nutrition,Female,452747,Twitter
396,Lisa Keller,Bodybuilding,Female,683209,Instagram
397,Alexander Clarke,Fitness,Male,698678,Twitter
398,April Duncan,Nutrition,Male,995254,Instagram
399,Paul Bryant,Fitness,Female,428812,Twitter
400,Stephen Page,Fitness,Female,818954,YouTube
401,Sean Tucker,Nutrition,Male,72533,Twitter
402,Jennifer Hawkins PhD,Fitness,Male,447314,Facebook
403,Stephen Walker,Wellness,Male,114934,Twitter
404,Jillian King,Nutrition,Female,123800,Twitter
405,Kathleen Roberts,Bodybuilding,Female,546963,Facebook
406,Kelly Hahn,Wellness,Male,834577,Instagram
407,Patricia Simmons,Wellness,Female,324615,Facebook
408,Katherine Holland,Bodybuilding,Female,46264,YouTube
409,Troy Wilson,Nutrition,Female,484018,Facebook
410,Erica Booth,Wellness,Female,426539,YouTube
411,Jackie Moore,Bodybuilding,Male,89280,Twitter
412,Michael Carson,Fitness,Male,503770,Twitter
413,Emily Smith,Nutrition,Female,305593,Twitter
414,Dr. Natalie Anderson,Wellness,Female,45825,YouTube
415,Daniel Johnson,Fitness,Male,936251,Twitter
416,Jorge Willis,Fitness,Male,355111,YouTube
417,Heather Taylor,Fitness,Female,600340,Instagram
418,Brad Gutierrez,Wellness,Female,830633,Instagram
419,Marissa Hernandez,Bodybuilding,Male,842549,YouTube
420,Suzanne Hughes,Wellness,Male,55912,YouTube
421,Robert Evans,Wellness,Female,552851,Instagram
422,Allen Scott,Nutrition,Male,467876,YouTube
423,Richard Velasquez,Wellness,Male,372540,Twitter
424,Timothy Valentine,Nutrition,Male,869066,Instagram
425,Melissa Ross,Bodybuilding,Male,55022,Twitter
426,Sharon Stewart,Bodybuilding,Male,197840,YouTube
427,Lisa Walker,Nutrition,Female,702108,Facebook
428,Kara Gibson,Wellness,Female,691051,Facebook
429,Brandon Campbell,Fitness,Female,547533,Instagram
430,Tony May,Wellness,Female,706762,Facebook
431,Rodney Leblanc,Nutrition,Male,480817,YouTube
432,Gabriel Wilson,Wellness,Male,792776,Twitter
433,Tony Garza,Nutrition,Female,425255,Facebook
434,Zachary Fisher,Bodybuilding,Female,983151,Facebook
435,Gregory Manning,Nutrition,Female,776425,Twitter
436,Keith Patel,Fitness,Male,19127,Facebook
437,John Moss,Wellness,Male,231999,Facebook
438,Lucas Hinton,Fitness,Male,804063,Facebook
439,Chris Turner,Bodybuilding,Male,287407,YouTube
440,Lori Lane,Fitness,Male,130267,Facebook
441,Travis Miller,Wellness,Male,150487,Facebook
442,Joshua Thompson,Fitness,Male,535172,Facebook
443,Rachel Wilkerson,Wellness,Female,541805,Twitter
444,Ronald Goodman,Fitness,Female,44826,Facebook
445,Ian Reese,Bodybuilding,Female,729456,Facebook
446,Erika Kaufman,Wellness,Female,34635,Twitter
447,Timothy Jefferson,Fitness,Male,14371,Twitter
448,Samantha Becker,Fitness,Male,328647,Instagram
449,Elizabeth Orozco,Nutrition,Female,670247,Instagram
450,Bradley Robles,Nutrition,Female,646164,Twitter
451,Teresa Hansen,Bodybuilding,Male,110953,Twitter
452,Whitney Thornton,Bodybuilding,Female,138181,Facebook
453,Rhonda Ross,Wellness,Female,428747,Instagram
454,Nathan Duran,Nutrition,Female,883985,YouTube
455,Michael Jones,Nutrition,Female,244934,Facebook
456,Carol Stevens,Wellness,Male,633358,Twitter
457,Sarah Sullivan,Nutrition,Female,796784,YouTube
458,Joseph Mullen,Fitness,Female,259556,Twitter
459,Deborah Elliott,Fitness,Female,61077,Facebook
460,Emily Simmons,Nutrition,Female,598970,Facebook
461,Sydney Hart,Bodybuilding,Male,144208,Twitter
462,Christopher Miller,Nutrition,Male,27341,Twitter
463,Corey Obrien,Wellness,Male,66218,Facebook
464,William Sandoval,Nutrition,Male,222928,Instagram
465,Melissa Wilson,Bodybuilding,Male,851118,Twitter
466,Martin Hughes,Bodybuilding,Male,202569,Facebook
467,Michael Owens,Fitness,Male,946615,Facebook
468,Lawrence Rivera,Nutrition,Male,84481,Twitter
469,Dillon Evans,Fitness,Female,611099,Instagram
470,Brittany Gaines,Nutrition,Female,649570,Instagram
471,Rebecca Hernandez,Wellness,Male,234880,Instagram
472,Karen Yang,Bodybuilding,Female,674144,Instagram
473,John Harper,Fitness,Male,406861,Twitter
474,Jennifer Foster,Fitness,Female,686529,Twitter
475,Rachel Bass,Wellness,Male,182884,Instagram
476,Sandra Vasquez,Bodybuilding,Male,829222,YouTube
477,Aaron Anthony,Fitness,Female,836493,Facebook
478,Jennifer Ramirez,Nutrition,Female,711941,Instagram
479,Zachary Mills,Nutrition,Female,26962,Twitter
480,Richard Smith,Wellness,Male,961023,YouTube
481,Carol Jones,Bodybuilding,Female,803059,YouTube
482,Robert Page,Nutrition,Female,449819,Twitter
483,Julia Martinez,Fitness,Female,724612,YouTube
484,Melissa Smith,Wellness,Male,534784,YouTube
485,William Campbell,Wellness,Female,759919,Facebook
486,Jay Holland,Fitness,Male,484838,Facebook
487,Deanna Roberts,Nutrition,Male,955316,Instagram
488,Vanessa Serrano,Fitness,Female,133831,Facebook
489,Jerome Jones,Bodybuilding,Female,921632,Twitter
490,Paula Reyes,Bodybuilding,Male,981511,Facebook
491,Brianna Guerra,Fitness,Male,292195,Facebook
492,Crystal Robinson,Wellness,Female,784388,Instagram
493,Andrew Snyder,Nutrition,Male,694093,YouTube
494,Linda Willis,Bodybuilding,Female,504278,Twitter
495,Morgan Turner,Nutrition,Male,246396,Facebook
496,Emily Alvarez,Wellness,Male,658272,YouTube
497,Paul Scott,Fitness,Female,253697,YouTube
498,Gregory Carpenter,Bodybuilding,Male,302544,YouTube
499,Natasha Hammond,Nutrition,Male,507156,YouTube
500,Nathan Smith,Fitness,Male,25527,Twitter
501,Mr. Peter Mckee,Bodybuilding,Male,992983,Instagram
502,Grant Alvarez,Fitness,Female,991765,Twitter
503,Karen Johnson,Fitness,Female,619445,Facebook
504,Karl Campbell,Fitness,Male,412819,Facebook
505,Rachel Terry,Wellness,Female,148248,Instagram
506,Alyssa Mclaughlin,Nutrition,Male,717791,Twitter
507,Glenda Griffin,Wellness,Male,108548,Twitter
508,Bonnie Williams,Fitness,Male,245325,YouTube
509,John Gomez,Wellness,Female,701134,YouTube
510,Ashley Gallagher,Nutrition,Female,77087,Twitter
511,Nathan Frye,Fitness,Male,124897,Twitter
512,Cody Howard,Wellness,Female,745563,Twitter
513,Melissa Hall,Wellness,Male,168501,Facebook
514,Daniel Lee,Fitness,Female,537669,Twitter
515,Michael Morgan,Bodybuilding,Female,229553,YouTube
516,Karen White,Bodybuilding,Male,636261,YouTube
517,Ray Turner,Fitness,Female,831953,Facebook
518,Justin Roy,Bodybuilding,Male,536158,Instagram
519,Amanda Kennedy,Fitness,Female,220181,Twitter
520,Cynthia Thompson,Nutrition,Male,649450,Instagram
521,John Figueroa,Fitness,Male,152847,Facebook
522,Kathleen Richardson,Nutrition,Female,987283,Instagram
523,Veronica Elliott,Bodybuilding,Female,874601,Twitter
524,Angel Jordan,Wellness,Male,782321,Facebook
525,James Rodgers,Wellness,Female,684180,Facebook
526,Amanda Boyle,Wellness,Female,883164,Twitter
527,Kristin Kaiser,Nutrition,Female,467989,YouTube
528,Anne Cannon,Nutrition,Female,85634,YouTube
529,Summer Garcia,Wellness,Female,431327,Facebook
530,James Sanders,Bodybuilding,Female,757076,Facebook
531,Anthony Jordan,Fitness,Female,321836,Facebook
532,Carol White,Wellness,Male,549559,Twitter
533,Michael Kelly,Fitness,Female,902778,Instagram
534,Sarah Flores,Wellness,Male,804656,Facebook
535,Bradley Johnson,Bodybuilding,Male,342071,Twitter
536,Christian Kelly,Fitness,Female,259829,Facebook
537,Robert Barnes,Nutrition,Male,500861,Instagram
538,Kathy Jones,Fitness,Male,455927,Twitter
539,Alexis Butler,Wellness,Female,245835,Facebook
540,Rebekah Lawson,Bodybuilding,Male,962807,Facebook
541,William Rivera,Wellness,Female,306516,Facebook
542,Barbara Christian,Fitness,Female,532472,Facebook
543,Jill Watkins,Fitness,Female,746654,Instagram
544,Derrick Fleming,Wellness,Female,76919,Facebook
545,Megan Fuller MD,Nutrition,Male,500959,YouTube
546,Andrea Anthony,Fitness,Male,301001,Facebook
547,Debra Kim,Nutrition,Male,302988,Instagram
548,Rachel Collins,Wellness,Male,676569,Instagram
549,Tina Perez,Nutrition,Male,537766,Twitter
550,Daniel Smith,Bodybuilding,Female,677905,Facebook
551,Jonathan Beck,Bodybuilding,Female,636309,Instagram
552,Derrick Kline,Fitness,Female,151306,Facebook
553,Edward Munoz,Fitness,Male,142663,Facebook
554,Douglas Callahan,Wellness,Male,568762,Facebook
555,Melinda Lane,Wellness,Male,391441,Facebook
556,Shannon Abbott,Bodybuilding,Female,966720,Facebook
557,Tara Wilson,Fitness,Female,379909,YouTube
558,Christina Klein,Nutrition,Male,812830,YouTube
559,Joshua Hunt,Nutrition,Male,630237,YouTube
560,Nathan Briggs,Wellness,Female,292618,YouTube
561,Brian Lee,Wellness,Female,939486,Instagram
562,Katherine Chase,Bodybuilding,Male,361684,Twitter
563,Aaron Rivera,Fitness,Female,854694,Twitter
564,Timothy Maxwell,Bodybuilding,Male,869040,Instagram
565,Christopher Hall,Nutrition,Female,237822,Facebook
566,Benjamin Beard,Nutrition,Female,899849,Instagram
567,Jennifer Griffin,Wellness,Male,998741,YouTube
568,Michelle Arias,Bodybuilding,Male,611427,Instagram
569,Jessica Dillon,Nutrition,Male,631836,Facebook
570,Michael Gonzalez,Wellness,Male,934276,YouTube
571,Rachel Cooper,Nutrition,Female,550466,YouTube
572,Maria Jones,Fitness,Female,856410,Facebook
573,Donald Miller,Fitness,Male,431683,Facebook
574,Mr. Christopher Perez DDS,Nutrition,Female,740964,Twitter
575,Brittney Acevedo,Fitness,Female,522212,Instagram
576,Linda Singh,Bodybuilding,Male,699522,YouTube
577,Stephanie York,Wellness,Female,970125,Instagram
578,Beverly Moran,Fitness,Female,921526,Twitter
579,Amanda Romero,Fitness,Female,802252,Twitter
580,Joseph Clark,Bodybuilding,Female,774916,Facebook
581,Duane Martin,Nutrition,Female,845383,Facebook
582,Angela Stevens,Wellness,Female,989401,Instagram
583,Earl Johnson,Fitness,Female,639261,Facebook
584,Melissa Morgan,Wellness,Female,716026,Twitter
585,Austin Calhoun,Wellness,Female,356983,YouTube
586,Jim Tanner,Fitness,Female,389895,Instagram
587,Hannah Sanchez,Wellness,Male,900964,YouTube
588,William Bradshaw,Wellness,Male,643893,Twitter
589,Stephanie Carter,Nutrition,Male,942912,Instagram
590,Zachary Ward,Bodybuilding,Male,150824,Facebook
591,Patricia Coleman,Fitness,Male,702758,YouTube
592,Timothy Fernandez,Wellness,Female,705399,Facebook
593,Kevin Rogers,Fitness,Male,995701,Twitter
594,William Chung,Fitness,Female,927154,Instagram
595,Tyler Parker,Nutrition,Female,546714,Instagram
596,Randy David,Bodybuilding,Male,253663,Facebook
597,Richard Wheeler,Wellness,Male,760876,Instagram
598,Gary Ballard,Nutrition,Male,984359,Instagram
599,William Parker,Wellness,Male,143208,Facebook
600,Spencer Floyd,Nutrition,Female,491665,Facebook
601,Stephanie Rodriguez,Wellness,Female,998861,Instagram
602,Emily Callahan,Nutrition,Female,790009,Facebook
603,Judy Hebert,Fitness,Female,448504,Instagram
604,Anthony Simmons,Nutrition,Male,967578,Instagram
605,Randy Savage,Bodybuilding,Female,987210,YouTube
606,Gary Jones,Wellness,Male,14006,Twitter
607,Samuel Barnes,Bodybuilding,Female,455883,Twitter
608,Juan Brown,Fitness,Female,666703,Facebook
609,Shelby Li,Nutrition,Female,352131,YouTube
610,Kristy Rivers,Bodybuilding,Female,271398,Twitter
611,Wendy Bond,Bodybuilding,Female,28633,Facebook
612,Tyler Cherry,Nutrition,Male,624844,YouTube
613,Erin Wilkinson,Fitness,Male,435287,YouTube
614,Carol Parker,Fitness,Female,194682,Twitter
615,Alicia Wilson,Wellness,Female,941010,YouTube
616,Gregory Thomas,Bodybuilding,Male,808808,Instagram
617,Steven Bradley,Fitness,Female,345879,Instagram
618,Madison Garcia,Fitness,Female,117491,Instagram
619,Daniel Colon,Fitness,Male,549801,YouTube
620,Carlos Morrison,Nutrition,Male,491838,Twitter
621,Holly Ross,Wellness,Male,755083,Facebook
622,Cory Wolf,Fitness,Male,666001,Twitter
623,Ricardo Brown,Bodybuilding,Male,567749,Facebook
624,Dr. Sandra Harris,Nutrition,Female,652294,Instagram
625,Jessica Pacheco,Wellness,Female,46978,Instagram
626,Peter Carr,Bodybuilding,Female,557281,Facebook
627,David Ferguson,Nutrition,Male,704697,Instagram
628,John Dennis,Wellness,Male,431827,Facebook
629,Shawn Richards,Nutrition,Male,197661,Twitter
630,Elizabeth Roberts,Fitness,Male,276707,YouTube
631,Catherine Brown,Fitness,Male,340629,YouTube
632,Crystal Hudson,Wellness,Male,363543,Facebook
633,Nathan Moran,Wellness,Female,54465,Instagram
634,Felicia Brown,Fitness,Male,92451,YouTube
635,Kelly Green,Nutrition,Male,338797,Twitter
636,Brandon Pearson,Wellness,Male,908256,Twitter
637,Tyler Weaver,Bodybuilding,Female,457922,Instagram
638,Brenda Tapia,Wellness,Female,889602,Facebook
639,Mr. Jeffrey Moyer MD,Fitness,Female,768029,Twitter
640,Steven Carpenter,Nutrition,Female,224789,Facebook
641,Julie Valdez,Fitness,Female,34089,Instagram
642,Betty Peterson,Nutrition,Male,250982,Twitter
643,Timothy Hill,Wellness,Male,158072,YouTube
644,Mr. Charles Thomas,Wellness,Female,140031,YouTube
645,Megan Phillips,Wellness,Male,756059,Facebook
646,Charles Peterson,Fitness,Male,99441,Instagram
647,Allison King,Fitness,Female,958727,YouTube
648,Jesse Reese,Fitness,Male,419965,Facebook
649,Thomas Velasquez,Wellness,Male,665356,Instagram
650,Lorraine Parker,Bodybuilding,Female,915344,YouTube
651,Rachel Lowe,Fitness,Female,696649,YouTube
652,James Walker,Fitness,Female,794154,Instagram
653,Jillian Cuevas,Bodybuilding,Female,430252,YouTube
654,Kendra Brady,Wellness,Male,190212,Twitter
655,Chelsea Guerrero,Nutrition,Male,996876,Twitter
656,Samantha Sweeney,Wellness,Male,526418,Facebook
657,Julie Weeks,Nutrition,Female,600305,Facebook
658,Tina Ramirez,Nutrition,Male,594868,YouTube
659,Diana Atkinson,Fitness,Female,21754,Instagram
660,Christopher Green,Bodybuilding,Female,644864,Instagram
661,Tyler Harris,Wellness,Male,39181,Instagram
662,Christina Mendoza,Fitness,Male,120400,Facebook
663,Julie Crawford,Fitness,Female,770344,Twitter
664,Anthony Jones,Wellness,Female,719101,Instagram
665,Nicholas Burns,Wellness,Male,603124,Instagram
666,Patricia Wilson,Bodybuilding,Female,907501,YouTube
667,Jerry Vaughan,Fitness,Female,737529,Twitter
668,Nicole Watson,Fitness,Female,668903,YouTube
669,Jessica Simon,Bodybuilding,Male,956612,Twitter
670,Kristen Johnson,Nutrition,Male,490486,Instagram
671,Nancy Clark,Wellness,Male,663866,Instagram
672,Vincent Odonnell,Fitness,Male,245974,Instagram
673,Andre Hopkins,Nutrition,Male,20199,YouTube
674,Ariana Williams,Nutrition,Male,609379,YouTube
675,Jennifer Patel,Bodybuilding,Female,185465,Instagram
676,Stacy Moody,Fitness,Female,941466,Twitter
677,Latasha Cantu,Nutrition,Female,159227,Instagram
678,Shelby Dillon,Wellness,Male,320523,YouTube
679,Jose Turner,Wellness,Female,324308,Twitter
680,Lawrence Snyder,Fitness,Female,470543,Instagram
681,Angel Wilson,Nutrition,Female,574955,Twitter
682,Philip Turner,Wellness,Female,557813,Twitter
683,Antonio Sullivan,Wellness,Male,380132,YouTube
684,Michael Parsons,Nutrition,Female,330181,Facebook
685,Caleb Christensen,Fitness,Female,984894,YouTube
686,Megan Calderon,Fitness,Female,577733,Instagram
687,Carlos Mckenzie,Fitness,Male,538916,Facebook
688,Richard Johnson,Nutrition,Male,98963,Twitter
689,Vanessa Jackson,Bodybuilding,Female,662765,Twitter
690,Dillon Golden,Nutrition,Male,758097,Twitter
691,Julie Acosta,Fitness,Female,974761,Facebook
692,Ashley Spencer,Wellness,Female,395021,Facebook
693,Keith Newman,Nutrition,Male,627080,YouTube
694,Jeanne Welch,Bodybuilding,Male,464379,YouTube
695,Brandon Moran,Nutrition,Female,460433,Twitter
696,Jessica Ford,Bodybuilding,Female,686288,Facebook
697,Hunter Williams,Fitness,Female,586234,Facebook
698,Christine Taylor,Wellness,Male,332576,Facebook
699,Robert Huerta,Wellness,Male,557314,YouTube
700,Megan Romero,Fitness,Male,319307,YouTube
701,Megan Erickson,Nutrition,Male,681555,Twitter
702,Jacob Stanley,Bodybuilding,Male,210461,Facebook
703,Madison Hill,Wellness,Male,981910,YouTube
704,Amy Gregory,Fitness,Male,218797,YouTube
705,Christian Gomez,Nutrition,Female,978960,Twitter
706,Linda Padilla,Bodybuilding,Female,873646,Facebook
707,John Wallace,Bodybuilding,Male,987833,YouTube
708,Timothy Foster,Bodybuilding,Male,136832,Facebook
709,Patricia Stewart,Nutrition,Male,33499,Twitter
710,Kristin Vaughn,Bodybuilding,Male,839095,Twitter
711,Christine Scott,Fitness,Female,934184,YouTube
712,Jeremy Gonzalez,Fitness,Male,183535,Facebook
713,Mariah Stone,Wellness,Male,412061,YouTube
714,Christina Rogers,Bodybuilding,Female,952521,YouTube
715,Joseph Carpenter DVM,Bodybuilding,Female,472653,Instagram
716,Bryan Lopez,Nutrition,Female,783752,Instagram
717,Timothy Manning,Nutrition,Female,477306,Twitter
718,Mariah Keith,Wellness,Female,421119,YouTube
719,Stephanie Carrillo,Wellness,Female,960229,Twitter
720,Justin Taylor,Nutrition,Female,362637,Facebook
721,Julia Chen,Bodybuilding,Male,849418,YouTube
722,Savannah Bryan,Fitness,Female,628116,Instagram
723,Seth Mccullough,Fitness,Female,410804,Facebook
724,Molly Johnson,Wellness,Female,802039,Instagram
725,Chelsea Campbell,Wellness,Male,626496,YouTube
726,Lindsey Hahn,Fitness,Female,774920,Instagram
727,Kathleen Friedman,Nutrition,Female,429999,Twitter
728,Catherine Jackson,Fitness,Male,557154,Facebook
729,Brian Boyd,Fitness,Female,999342,Twitter
730,Christine Parker,Wellness,Male,856732,YouTube
731,John Ramos,Bodybuilding,Male,450549,Instagram
732,Debra Kramer,Bodybuilding,Female,511720,Facebook
733,William Riley,Fitness,Male,794486,Facebook
734,Karen Juarez,Wellness,Male,90790,YouTube
735,William Lutz,Wellness,Female,827282,YouTube
736,David Boyle,Fitness,Male,62430,YouTube
737,Andrew Reed,Wellness,Male,503785,Twitter
738,Katherine Higgins,Bodybuilding,Female,714797,Twitter
739,Anita Turner,Nutrition,Female,64946,Instagram
740,Janice Odom,Wellness,Male,478702,Twitter
741,Eduardo Lang,Nutrition,Male,619527,Twitter
742,Joshua Campbell,Fitness,Male,170881,YouTube
743,Taylor Hart,Wellness,Female,894822,Twitter
744,Logan Martinez,Nutrition,Male,143289,Twitter
745,Brandon Brown,Fitness,Male,927436,YouTube
746,Bryan Burke,Nutrition,Male,589093,Facebook
747,Amber Lewis,Fitness,Female,366134,YouTube
748,Wanda Smith,Nutrition,Female,606029,Twitter
749,Billy Castaneda,Nutrition,Female,345269,Facebook
750,Tracy Zavala,Wellness,Male,367790,Instagram
751,Francisco Peterson,Bodybuilding,Male,582611,Facebook
752,Jeffrey Murphy,Bodybuilding,Male,128124,Facebook
753,Erica Reyes,Nutrition,Male,972410,YouTube
754,Richard Kelly,Bodybuilding,Female,526022,Instagram
755,Yvette Torres,Wellness,Male,87857,Instagram
756,Clayton Burns,Nutrition,Female,556076,Twitter
757,Jennifer Gonzales,Bodybuilding,Male,348334,YouTube
758,Martin Morales,Fitness,Female,484213,Twitter
759,Casey Farley,Nutrition,Female,697515,Twitter
760,Sara Sanford,Nutrition,Male,680821,Instagram
761,Diane Wallace,Wellness,Male,183320,Facebook
762,Paul Hogan,Nutrition,Male,764780,Instagram
763,Alexis Valdez,Fitness,Female,894258,Twitter
764,Jessica Miller,Nutrition,Female,500602,Facebook
765,Elizabeth Owens,Fitness,Female,186407,Twitter
766,Zachary Thomas,Wellness,Female,332441,Instagram
767,Brandy White,Fitness,Male,270544,YouTube
768,Monique Kelly,Bodybuilding,Male,285129,Facebook
769,Jose Ramos,Wellness,Female,941464,YouTube
770,Christina Perez,Bodybuilding,Female,485079,YouTube
771,James Edwards,Nutrition,Female,164460,Twitter
772,Michael Soto,Wellness,Female,515698,YouTube
773,Madeline Weiss,Nutrition,Female,446646,Instagram
774,Cynthia Johnson,Bodybuilding,Female,11743,Instagram
775,Brittany Alexander,Wellness,Male,676798,Twitter
776,Andrea Stewart,Bodybuilding,Male,840188,Instagram
777,Karen Baker,Bodybuilding,Female,303331,Instagram
778,Logan Thomas,Fitness,Female,42592,Facebook
779,Kimberly Chambers,Fitness,Female,142948,Twitter
780,Alexandra Pennington,Wellness,Female,670322,Instagram
781,Deanna Greer,Fitness,Male,975321,Facebook
782,Brandon Howard,Fitness,Female,432089,Instagram
783,Kristina Pierce,Fitness,Female,844548,Twitter
784,Jessica Rollins,Fitness,Male,97512,YouTube
785,Jimmy Castillo,Nutrition,Female,540540,Instagram
786,Robert Johnson,Bodybuilding,Male,747994,Instagram
787,Laura Floyd,Wellness,Female,326343,Twitter
788,Tina Castillo,Nutrition,Male,842753,Instagram
789,Jason Galvan,Bodybuilding,Female,760782,Twitter
790,Susan Diaz,Fitness,Male,852762,YouTube
791,Shelby Johnson,Wellness,Female,232138,Instagram
792,Vickie Wilcox,Bodybuilding,Male,906666,Facebook
793,Jessica Guzman,Wellness,Female,493240,Twitter
794,Tabitha Smith,Bodybuilding,Male,505177,Instagram
795,Christopher Costa,Bodybuilding,Female,558227,Twitter
796,Erin Ross,Bodybuilding,Female,810737,Instagram
797,Christopher Fitzgerald,Wellness,Male,208762,Instagram
798,Carolyn Jordan,Nutrition,Female,98497,Twitter
799,Bethany Harris,Nutrition,Male,438075,Instagram
800,Nancy Cruz,Wellness,Male,784030,Facebook
801,Jason Gray,Nutrition,Female,28017,Facebook
802,Hannah Bryan,Bodybuilding,Female,68292,YouTube
803,Stephen Baker,Wellness,Male,243275,Instagram
804,Charles Kelly,Nutrition,Male,720946,Facebook
805,Jeffrey Cruz,Fitness,Male,638522,YouTube
806,Steven Nguyen,Fitness,Female,723456,Twitter
807,Kimberly Villanueva,Nutrition,Male,900478,Instagram
808,Karina Hunt,Wellness,Female,986854,Facebook
809,Robert Nelson,Nutrition,Female,839488,Instagram
810,Dalton Hamilton,Nutrition,Female,352202,Twitter
811,Kelly Fleming,Wellness,Male,186912,YouTube
812,Joanna Bryant,Wellness,Female,164609,Instagram
813,Vicki Morton,Bodybuilding,Male,812523,Facebook
814,Thomas King,Bodybuilding,Male,44626,Instagram
815,Gregory Johnson,Fitness,Male,523931,Instagram
816,Caitlin Davis,Fitness,Female,686825,Facebook
817,Bryan Heath,Bodybuilding,Female,722975,Facebook
818,Todd Austin,Nutrition,Male,690077,Facebook
819,Mathew Nelson,Nutrition,Male,728153,Facebook
820,Kara Reynolds,Fitness,Male,877194,Instagram
821,Kathy Fisher,Bodybuilding,Male,993725,Instagram
822,Elizabeth Stein,Fitness,Male,881332,Twitter
823,Ryan Hood,Wellness,Female,966303,YouTube
824,Michael Fletcher,Fitness,Male,703325,Twitter
825,Jason Ramsey,Fitness,Female,304984,Instagram
826,Lindsay Sullivan,Wellness,Male,21583,Facebook
827,Sarah Gardner,Fitness,Female,990123,YouTube
828,Jennifer Fisher,Wellness,Female,436790,Twitter
829,Amy Rodriguez,Nutrition,Female,850085,Facebook
830,Kelly Lambert,Wellness,Male,320612,Instagram
831,Andrew Anderson,Bodybuilding,Female,435748,Facebook
832,Leslie Kaufman,Bodybuilding,Female,460611,Instagram
833,Sara Mclaughlin,Bodybuilding,Male,73955,Instagram
834,Michael Manning,Nutrition,Male,459511,YouTube
835,Jeffrey Harrison,Nutrition,Female,571510,Twitter
836,Chelsea Jones,Nutrition,Male,834109,Facebook
837,William Jordan,Wellness,Male,57565,YouTube
838,Becky Ellis,Bodybuilding,Male,225619,Instagram
839,Sarah Johnson,Nutrition,Female,30326,YouTube
840,Kevin Arellano,Bodybuilding,Male,752116,Facebook
841,Kelly Dillon,Nutrition,Female,791420,Instagram
842,Kylie Davis,Bodybuilding,Male,952334,Facebook
843,Mark Wall,Bodybuilding,Male,53604,YouTube
844,Joanna Hooper,Wellness,Male,973266,Instagram
845,Michelle Ryan,Bodybuilding,Male,931726,Facebook
846,Shane Martinez,Fitness,Male,463762,Facebook
847,Juan Pierce,Bodybuilding,Male,840025,Facebook
848,Jamie Owens,Wellness,Male,901950,Instagram
849,Victoria Jones,Nutrition,Female,882905,Facebook
850,Michael Casey,Wellness,Female,525290,Facebook
851,Dylan Black,Fitness,Female,881243,YouTube
852,Hannah Campbell,Bodybuilding,Female,60345,Twitter
853,Michael Garcia,Fitness,Male,987003,Twitter
854,Jennifer Davis,Nutrition,Male,443839,Instagram
855,Robert Williams,Fitness,Male,75145,YouTube
856,Amy Gordon,Nutrition,Female,991986,Instagram
857,Rebecca Williams,Bodybuilding,Female,467529,Instagram
858,Monique Richardson,Fitness,Male,656263,YouTube
859,Jason Prince,Nutrition,Male,186572,Facebook
860,Brian Davis,Bodybuilding,Male,955636,YouTube
861,Diana Stone,Wellness,Female,275409,Twitter
862,Robert Shelton,Bodybuilding,Female,955109,Instagram
863,Timothy Mills,Fitness,Female,463465,Instagram
864,Emily Leblanc,Nutrition,Male,162802,Twitter
865,Craig Morgan,Bodybuilding,Female,776014,Twitter
866,Willie Nguyen,Nutrition,Female,872265,Twitter
867,Andrew Miller,Bodybuilding,Male,193782,YouTube
868,Edwin Sweeney,Wellness,Female,932352,Twitter
869,Mrs. Emily Miller,Wellness,Male,794594,YouTube
870,Elizabeth Murphy,Bodybuilding,Female,745701,Twitter
871,Eric Reid,Nutrition,Female,726147,Twitter
872,Paul Steele,Fitness,Male,964902,Twitter
873,Ryan West,Fitness,Female,351996,YouTube
874,Adrian Snyder,Fitness,Male,787228,YouTube
875,Anna Singh,Fitness,Male,268430,Instagram
876,Brandon Morris,Wellness,Male,168663,Facebook
877,Alyssa Morris,Bodybuilding,Female,111259,YouTube
878,Gary Hampton,Wellness,Female,734625,Twitter
879,Douglas Garza,Wellness,Female,270006,Facebook
880,James Torres,Bodybuilding,Male,228297,Facebook
881,Marissa Chang,Bodybuilding,Male,888458,YouTube
882,Autumn Newman,Nutrition,Male,254848,Twitter
883,Angela Cox,Bodybuilding,Female,423878,YouTube
884,Kendra Frank,Nutrition,Male,905899,YouTube
885,Samantha Woodward,Bodybuilding,Female,646127,Instagram
886,David Mueller,Bodybuilding,Female,199626,YouTube
887,Colin Greer,Bodybuilding,Female,835984,Facebook
888,Peggy Kim,Bodybuilding,Male,184583,Twitter
889,Alexander Gardner,Nutrition,Male,282122,Twitter
890,Michelle Allen,Fitness,Female,974712,YouTube
891,Sheila Collier,Bodybuilding,Female,693548,Instagram
892,Michael Allen,Fitness,Male,840962,Instagram
893,Michael Jones,Wellness,Female,444466,Twitter
894,Sarah Acosta,Fitness,Male,477188,Twitter
895,Melissa Moss,Fitness,Female,719510,Twitter
896,Mr. Ryan Fowler II,Bodybuilding,Male,561567,Twitter
897,Christine Saunders,Wellness,Male,882467,Twitter
898,Tony Jones,Nutrition,Female,473348,Twitter
899,Jaime Baldwin,Nutrition,Male,631713,Twitter
900,Regina Santos,Fitness,Female,953580,YouTube
901,Sarah Davis,Bodybuilding,Male,759033,Facebook
902,Christie Jimenez MD,Nutrition,Male,715221,YouTube
903,Dr. Chelsea Greene,Wellness,Male,749448,Twitter
904,Elizabeth Bowen,Wellness,Female,716864,Twitter
905,Mrs. Lynn Lowe MD,Wellness,Female,65350,YouTube
906,Stephanie Johnston,Wellness,Female,66338,YouTube
907,James Robles,Nutrition,Female,28678,Twitter
908,Lisa Williams,Wellness,Male,231023,YouTube
909,Mark Gonzalez,Wellness,Female,34433,YouTube
910,Amy Stokes,Fitness,Male,649926,Instagram
911,Michael Mcdonald,Nutrition,Male,922995,Instagram
912,Dr. Michael Foley,Nutrition,Female,792992,Facebook
913,Brittany Morrow,Fitness,Male,90368,Instagram
914,Kevin Maldonado,Fitness,Male,952141,YouTube
915,Karen Wilson,Nutrition,Female,678247,Twitter
916,William Morris,Fitness,Male,958708,Instagram
917,Colleen Gibson,Fitness,Male,196669,YouTube
918,Gregory Peters,Nutrition,Male,287444,Facebook
919,Victoria Galloway,Wellness,Female,954732,Facebook
920,Martin Boyer,Bodybuilding,Female,841796,Facebook
921,Anthony Sanders,Nutrition,Male,304418,Instagram
922,Mr. Travis Davis,Bodybuilding,Male,805710,Facebook
923,Cathy Frye,Wellness,Male,290641,Instagram
924,Maxwell Woodard,Wellness,Male,339505,Twitter
925,Mary Ellis,Nutrition,Male,349931,YouTube
926,Ashley Chung,Nutrition,Male,675213,Facebook
927,Taylor Rivera,Nutrition,Female,323544,Twitter
928,Judy Ruiz,Nutrition,Male,364009,Twitter
929,Allen Phillips,Bodybuilding,Male,656817,YouTube
930,William Briggs,Fitness,Female,738809,Instagram
931,Jose Cross,Wellness,Female,198996,Twitter
932,Eric Lang,Bodybuilding,Female,630379,Twitter
933,Jaime Brown,Wellness,Male,779475,Twitter
934,Ronald Ellis,Bodybuilding,Female,42455,YouTube
935,Alex Patel,Fitness,Female,65673,Facebook
936,Cody Turner,Nutrition,Female,469138,Instagram
937,Donna Faulkner,Fitness,Male,903495,YouTube
938,Jordan Graham,Wellness,Male,23975,Instagram
939,Christopher Joseph,Wellness,Female,921678,Instagram
940,James Bird,Nutrition,Female,650815,YouTube
941,Courtney Harris,Nutrition,Female,896460,Twitter
942,Terry Yang,Bodybuilding,Male,777609,YouTube
943,Allen Davis,Bodybuilding,Male,741822,YouTube
944,Katherine Odom,Nutrition,Female,22620,YouTube
945,Keith King,Nutrition,Female,351948,Facebook
946,Shelley Gross,Bodybuilding,Male,148435,Twitter
947,James Johnson,Wellness,Male,980030,Twitter
948,Laura Mason,Wellness,Male,463110,Instagram
949,Nicole Nunez,Wellness,Female,697260,Facebook
950,Dr. Kathleen Swanson,Bodybuilding,Male,222703,Twitter
951,Sharon Johnson,Nutrition,Female,17392,YouTube
952,Randall Dawson,Fitness,Male,732463,Instagram
953,Daniel Lopez,Wellness,Female,396530,Instagram
954,Mr. Robert Kemp,Fitness,Female,948169,Facebook
955,Rebecca Strickland DDS,Bodybuilding,Male,576312,YouTube
956,Kelly Robinson,Fitness,Female,457779,Facebook
957,Amanda Beck,Nutrition,Female,123492,YouTube
958,Michael Anderson,Nutrition,Female,377453,Facebook
959,Connie Medina,Fitness,Female,169773,YouTube
960,Michael Lloyd,Nutrition,Male,165724,Instagram
961,Ashley Nichols MD,Fitness,Male,14415,Instagram
962,Kimberly Miller,Bodybuilding,Female,827815,Facebook
963,Joshua Smith,Bodybuilding,Female,919368,Twitter
964,Robert Gomez,Bodybuilding,Male,713263,Twitter
965,Amanda Hanson,Bodybuilding,Female,67718,Instagram
966,Jennifer Hernandez,Nutrition,Male,100041,YouTube
967,Benjamin Wilkerson,Fitness,Female,699447,Twitter
968,Rhonda Torres,Bodybuilding,Female,102238,YouTube
969,Thomas Melton,Bodybuilding,Male,629169,YouTube
970,Michael Castaneda,Nutrition,Male,505613,Facebook
971,Michael Colon,Wellness,Female,924695,YouTube
972,Michael Norris,Nutrition,Female,333641,YouTube
973,April Torres,Wellness,Male,301303,YouTube
974,April Wood,Fitness,Male,921794,Instagram
975,Matthew Morgan,Nutrition,Male,712812,Instagram
976,Matthew Reeves,Nutrition,Female,275809,Instagram
977,Janet Ross,Bodybuilding,Female,270387,YouTube
978,Gerald Stone,Nutrition,Female,363342,YouTube
979,Diana Hill,Nutrition,Male,862749,Instagram
980,Rachel Mccarthy,Wellness,Female,620487,Twitter
981,James Joyce,Nutrition,Male,350706,Twitter
982,Kimberly Morris,Fitness,Male,949283,Twitter
983,Andrew Harris,Nutrition,Female,533128,YouTube
984,Anthony Silva,Wellness,Female,124890,Facebook
985,Laura Barnett,Bodybuilding,Male,875345,Facebook
986,April Miller,Bodybuilding,Male,508621,Facebook
987,Roy Ryan,Bodybuilding,Male,514920,Twitter
988,Peter Phillips,Fitness,Female,635373,Twitter
989,Paige Riley,Fitness,Male,830068,YouTube
990,Charles Brooks,Fitness,Male,558884,Facebook
991,Ryan Carter,Fitness,Male,702234,YouTube
992,Brianna Hopkins,Wellness,Male,521626,Twitter
993,Veronica Maldonado,Bodybuilding,Male,600271,Twitter
994,Thomas Brooks,Bodybuilding,Male,658336,Twitter
995,Donna Evans,Fitness,Female,212917,YouTube
996,Richard Hanson,Wellness,Female,913345,Twitter
997,Bonnie Perez,Wellness,Male,670955,Twitter
998,Christian Roach MD,Fitness,Female,945631,YouTube
999,Jessica Johnson,Wellness,Female,395779,YouTube
1000,Kenneth Foster,Bodybuilding,Male,108219,Instagram
