source,campaign,influencer_id,user_id,product,date,orders,revenue
YouTube,FitJuly,683,08688547-e06d-4b3d-9e88-ad8cf3e1f664,Vitamin C,2025-06-02,5,9953
YouTube,WellnessWave,426,f79b8bdf-6fc3-4190-bde8-b5ce71ab7e79,Multivitamin,2025-05-26,2,6670
Facebook,WellnessWave,623,e31c64c2-f856-4f00-b31d-6ddac2b04ff2,Vitamin C,2025-05-16,13,5396
Facebook,FitJuly,428,717909d4-b89f-4991-b2b2-8f7b26fa60c6,Whey Protein,2025-04-28,14,5950
Facebook,SummerShred,349,f84128ed-9fc9-49e6-8fe5-cbfe253ef0b5,Vitamin C,2025-05-20,3,739
Instagram,PowerBoost,84,417d95ef-9101-49e2-a92c-50b04defb84d,Multivitamin,2025-06-21,7,7050
Twitter,FitJuly,895,52493bd6-1bf8-4945-a7f2-909a2c6c0919,Creatine,2025-07-16,12,3825
YouTube,FitJuly,839,8e2226aa-644b-447a-b2ab-5b37f378e26c,Whey Protein,2025-06-22,3,7137
Instagram,FitJuly,833,f1f21292-48ab-41c1-b2d1-2c5a5d1a1668,Multivitamin,2025-07-17,17,3990
Instagram,SummerShred,568,7aedc65e-536c-40d3-ba2b-c0c487be6e90,Multivitamin,2025-07-13,19,4340
Twitter,PowerBoost,654,f595969c-04ef-4b15-b9c7-2a9caa09a0fa,Vitamin C,2025-06-12,7,3777
Facebook,WellnessWave,847,16033536-7fe9-4c66-ad36-177d9c5b9c3d,Vitamin C,2025-04-24,8,8318
Instagram,PowerBoost,671,d29fe4ef-8935-4521-96af-ab51a5ad5cf8,Multivitamin,2025-06-27,14,5857
Facebook,PowerBoost,173,424caf70-22bc-4de9-ba06-38ff3983f3cc,Multivitamin,2025-05-17,15,9638
Facebook,WellnessWave,232,0e2d1f40-7d1d-4773-91ad-422e19638109,Vitamin C,2025-06-11,13,5839
Twitter,PowerBoost,343,86267174-b01e-4f7c-bf71-4605dde8f18b,Whey Protein,2025-05-04,1,9923
YouTube,PowerBoost,213,d4fabd96-7973-4c94-afdb-6b4bf62ac2a7,Vitamin C,2025-05-27,7,8762
Twitter,SummerShred,610,deba958c-cc6a-4770-9b88-9e46a70a7f6d,Whey Protein,2025-07-02,11,4086
YouTube,WellnessWave,293,89b98adc-32fa-4aaa-b7d9-a196eb909dae,Whey Protein,2025-06-21,12,7730
Twitter,PowerBoost,771,d5ee07b2-e205-4d24-a7d3-a33c0a9f0fb5,Multivitamin,2025-06-15,16,6111
Twitter,PowerBoost,413,6b5651ec-d5ed-4423-9eb8-fe1089f73360,Whey Protein,2025-05-13,8,1585
YouTube,FitJuly,49,46c6a1e7-c693-4df5-865c-2350a26865fb,Whey Protein,2025-07-07,1,3298
Instagram,PowerBoost,112,93aa39e3-bca6-458f-964e-fa61d9168b81,Vitamin C,2025-05-25,19,6278
Twitter,WellnessWave,950,e0005a59-8afc-4836-865c-6c08810731ea,Creatine,2025-06-12,14,8043
YouTube,SummerShred,653,db741727-d73e-4f70-9e0b-3405cb9c376c,Whey Protein,2025-06-07,5,3845
Twitter,FitJuly,461,b1777d38-696b-433e-8e88-fde4fb040c30,Vitamin C,2025-04-25,13,1118
Twitter,SummerShred,343,399f5349-91a3-452a-830c-324671a6c81c,Creatine,2025-04-23,3,5390
Instagram,WellnessWave,210,ea0f631f-4b63-4c0b-9b42-f84acf532088,Multivitamin,2025-07-06,6,2647
Facebook,FitJuly,662,04511f44-e13f-4844-abba-38703bacd1f8,Whey Protein,2025-06-01,20,3705
Instagram,WellnessWave,617,e25d4090-7fcf-4aa5-ad75-d0bac09fa754,Creatine,2025-07-01,6,7790
Facebook,FitJuly,459,f16b8bda-5c08-41ef-a7bc-6ec5abd31849,Vitamin C,2025-07-20,14,9689
Twitter,FitJuly,710,a177c535-4d9f-43c5-8f3f-0112213aed60,Vitamin C,2025-07-01,14,7033
Twitter,PowerBoost,861,b9e15429-3d41-4fb2-8ee3-fc101a480cd9,Multivitamin,2025-05-25,6,7513
Instagram,FitJuly,661,e3fe1c3f-38c2-4dfd-9b10-ef4f342f4b40,Vitamin C,2025-05-03,3,936
Twitter,SummerShred,329,fbbc9d66-2582-41c2-b8a0-1577f5c7eb94,Vitamin C,2025-06-07,10,6752
Facebook,WellnessWave,632,b4abebcb-4a2f-4274-a860-ea02f69fb781,Vitamin C,2025-07-15,14,4601
Twitter,PowerBoost,266,2e28fc76-be93-45ba-8124-43b221bae3b3,Multivitamin,2025-05-14,18,8496
Instagram,PowerBoost,774,27a1de1d-f763-48ac-b488-63bfe07976a7,Vitamin C,2025-05-18,19,2005
Twitter,WellnessWave,895,fb2bdf2e-6574-41eb-b20d-96e4e4c4fa5c,Vitamin C,2025-07-03,9,1194
YouTube,SummerShred,190,08722eb2-4bfd-4214-aadc-6cce1c3f8a3b,Whey Protein,2025-06-22,10,9962
Instagram,WellnessWave,649,284bcfe9-1d13-4e84-ad5f-6720e72cefa5,Creatine,2025-05-07,4,5205
Twitter,PowerBoost,233,86bd34a2-557d-46a4-9472-3bf0b005e434,Whey Protein,2025-07-19,11,934
Twitter,SummerShred,340,8135ae3a-46fe-4256-9956-423716e3f289,Vitamin C,2025-05-10,5,5075
Twitter,PowerBoost,738,3671b26a-382d-42fe-9210-5e98fe277bcf,Multivitamin,2025-05-24,16,1068
Facebook,PowerBoost,962,03cbd1c9-b738-40b4-aa74-64c7e576a764,Whey Protein,2025-04-28,11,6511
Facebook,PowerBoost,467,d4ea38da-4eb7-4fc1-9da6-2e136b53cd12,Vitamin C,2025-04-29,19,2020
YouTube,WellnessWave,220,81812d4d-86cc-470d-af1b-2bf6241828bf,Creatine,2025-06-10,1,8317
Instagram,SummerShred,911,9b4182a9-1e50-401f-ac68-8e0acfb8c66c,Creatine,2025-04-25,16,6783
YouTube,FitJuly,767,ef7fb4ae-68cc-499d-8d58-8ca9cbbb6a86,Vitamin C,2025-04-28,1,2459
Instagram,FitJuly,316,dbb7991b-8f94-44ad-860f-f696f8a35a48,Vitamin C,2025-05-04,4,6053
Instagram,FitJuly,464,ddd081ea-66a8-47c0-909e-43873510a84b,Whey Protein,2025-07-20,3,7930
Twitter,PowerBoost,450,72a23ad6-c6c2-48be-a165-b393df1410d0,Creatine,2025-06-10,5,9167
Twitter,FitJuly,579,18f16083-3068-4459-be33-ff62662ba1f3,Multivitamin,2025-06-14,14,3823
Facebook,FitJuly,555,51f8805e-5a15-4760-9dac-fb4d8e553f54,Vitamin C,2025-06-17,4,1471
YouTube,WellnessWave,769,ff01ace5-205f-431e-811e-5f10d6afe6c8,Multivitamin,2025-06-25,9,1749
Instagram,PowerBoost,51,2c0b7e8d-3e35-4058-9597-6d55fc1c9735,Creatine,2025-05-25,1,5769
YouTube,SummerShred,971,a170ab4b-c335-4834-8b88-743f3e8e9823,Vitamin C,2025-06-09,8,6305
YouTube,PowerBoost,747,3e196006-6ed7-4a54-906c-ea9e1848ac37,Vitamin C,2025-05-01,10,7455
Twitter,PowerBoost,38,b45ce395-99a9-42de-8fe4-8b4edceb2f9f,Creatine,2025-04-23,1,7593
YouTube,SummerShred,119,b06f132a-9ec4-4057-9dde-2fe51ea1fa30,Creatine,2025-07-20,4,4360
Instagram,SummerShred,522,9db06971-747f-451e-ba8c-209890304f78,Multivitamin,2025-05-23,15,6367
Twitter,WellnessWave,40,e1176e76-ba11-4b35-8911-668d72746abf,Creatine,2025-07-06,11,4294
YouTube,FitJuly,129,1b69cf58-3e53-4eaf-837a-7eaa37347a9e,Multivitamin,2025-05-31,15,533
Twitter,PowerBoost,895,a738a63c-5c98-4778-8c0b-927e09c91931,Vitamin C,2025-04-26,4,5198
Facebook,FitJuly,541,02cd77eb-5e23-4a76-8dc9-a7aff11c7757,Vitamin C,2025-05-25,9,3362
Instagram,FitJuly,624,c95f1d1f-47ea-411a-ac34-02c64452c6d6,Vitamin C,2025-07-01,3,5301
Facebook,FitJuly,697,91e98fc2-5246-4051-a03a-3951cacf0310,Multivitamin,2025-04-28,20,2114
Facebook,FitJuly,187,6e45e518-9273-4e55-b052-cc86134c3e02,Multivitamin,2025-05-16,4,4312
YouTube,PowerBoost,587,cc1ad269-edf6-49e1-8c49-97ea2ec4a31f,Whey Protein,2025-06-18,16,3701
YouTube,FitJuly,383,2d24d045-08cd-447d-bc29-cf119f105ead,Vitamin C,2025-06-04,4,9969
Instagram,PowerBoost,260,5db5434c-0599-4231-b9dc-c88e06068370,Whey Protein,2025-04-23,7,6225
Instagram,FitJuly,659,b5deb183-f2af-46d4-ab31-39cadec02b06,Creatine,2025-07-12,8,5980
Facebook,FitJuly,159,12c92f1a-1e10-42a0-b778-09dd995e43cc,Vitamin C,2025-05-30,18,5411
YouTube,FitJuly,877,45700444-d4ea-49d7-8c98-c722fe7e436b,Creatine,2025-07-03,16,3595
Instagram,SummerShred,974,d3cfa54d-f6bd-4333-bf97-4b9ae3651764,Multivitamin,2025-06-17,1,6617
Twitter,PowerBoost,255,9c8539e8-c20e-4eb2-83b9-16913ef3c592,Vitamin C,2025-06-19,1,5965
Instagram,SummerShred,625,17f99f76-cc03-453f-9108-8cc1fbf7eac7,Vitamin C,2025-07-14,1,3392
Twitter,SummerShred,719,dd0fde94-4485-48d4-bab0-24aae65d3257,Vitamin C,2025-05-29,9,8264
Instagram,PowerBoost,566,a70018ae-70c7-4826-b150-acfddc64ab97,Vitamin C,2025-05-26,12,4895
Twitter,FitJuly,865,71498dbf-9cf5-4731-b77d-ec0d3dfc66ef,Multivitamin,2025-06-14,15,3816
Twitter,SummerShred,931,5af2eaf8-8635-4970-a9e3-d82d041a4d8a,Whey Protein,2025-07-16,11,5803
Facebook,FitJuly,438,3f95ec7c-6ce1-43b8-b0fe-0c78127c7d43,Creatine,2025-06-27,1,6821
Twitter,SummerShred,941,1d400448-85db-42eb-a20b-084794839cf1,Vitamin C,2025-05-18,5,7418
Instagram,SummerShred,618,7a691e67-0851-4b78-8b9e-a3616ca19a09,Creatine,2025-06-14,7,3975
Instagram,FitJuly,520,dba9b65e-b496-453a-bf4e-e6b4a01095cb,Creatine,2025-07-16,17,1376
Twitter,SummerShred,41,80a682a5-b5a6-48f3-b88d-40f60e139987,Whey Protein,2025-04-26,5,957
YouTube,WellnessWave,326,4bc4f963-173f-4613-8412-dde1e6d0bb05,Vitamin C,2025-06-12,13,3317
Facebook,FitJuly,45,455f1438-f78d-4ca9-b5ee-d33f160e1977,Multivitamin,2025-05-30,14,4458
Instagram,WellnessWave,754,7e3d3f4c-fa01-4c6b-b5e0-e666ba882b89,Vitamin C,2025-05-22,8,5615
Facebook,WellnessWave,691,2e27c7ba-2460-49c1-aed5-2359cce6807c,Creatine,2025-07-08,12,2776
Facebook,SummerShred,455,392182b3-3bf9-42f7-8425-ba455c149b70,Vitamin C,2025-05-05,17,1260
Twitter,PowerBoost,404,5266e47e-a80c-4f3d-905f-4ff7c248c554,Multivitamin,2025-06-22,10,8472
Instagram,PowerBoost,863,b51cea9b-865b-4782-84ed-8822ba7cfc7a,Vitamin C,2025-04-23,2,9381
Facebook,SummerShred,294,b6f434d5-3df5-412c-ac35-3889ba2e82ba,Multivitamin,2025-05-02,7,5157
Twitter,FitJuly,384,db029133-df26-4c6a-8ad8-66aad979ee9e,Vitamin C,2025-06-01,14,7002
Instagram,FitJuly,961,484143c4-a40f-486a-a9e9-716ceed33cdb,Multivitamin,2025-06-14,11,4563
Facebook,PowerBoost,344,5312c053-50b4-4f9b-82ef-c0419a59056c,Whey Protein,2025-06-20,5,2919
YouTube,SummerShred,972,bc44930c-b6e2-4b7c-81ce-422047d19d80,Multivitamin,2025-07-11,12,6620
Instagram,FitJuly,206,97a288b9-a906-400f-98f7-e311b921de8f,Whey Protein,2025-07-13,10,4765
Instagram,SummerShred,229,f0b2b4be-7b91-4c41-91a7-e7f009359795,Whey Protein,2025-06-21,11,4282
YouTube,SummerShred,613,9d1bd728-caae-48fa-99f3-8004999703fb,Multivitamin,2025-05-09,7,2649
Twitter,PowerBoost,494,ad7f22d5-6545-479e-9a8b-de76b94ada1d,Multivitamin,2025-06-09,17,5793
Facebook,FitJuly,358,d656eaa4-fbd3-4e54-aeef-1baafaa586e2,Vitamin C,2025-07-07,20,1366
Twitter,WellnessWave,343,74f51df2-77d5-4faf-a900-67a41be85656,Whey Protein,2025-05-24,9,6172
Facebook,FitJuly,628,99ab9e74-30b0-4c33-bfba-ec17f9e25ce5,Whey Protein,2025-05-12,13,749
Instagram,WellnessWave,624,a5595c1c-32da-4d7c-8e9c-9e481c210b32,Creatine,2025-07-06,4,5199
Facebook,WellnessWave,1,78e3c1c5-1e19-4dfc-86f5-d129eb239f80,Vitamin C,2025-06-05,19,5686
Twitter,WellnessWave,22,e4ece6bb-0ecb-4364-95b9-f3ad46a37668,Vitamin C,2025-06-17,10,6528
Facebook,WellnessWave,583,6609a468-f54a-45d0-a99c-0cfab98517ed,Vitamin C,2025-05-14,20,3044
Instagram,FitJuly,137,4d7ffed8-1b94-4b3e-9a4d-dcaaf8a1a12f,Whey Protein,2025-07-07,13,2287
Instagram,FitJuly,731,9f295d00-582b-49b4-ae6e-472d38447869,Whey Protein,2025-06-25,15,614
Instagram,PowerBoost,857,be7e5337-f7ee-42fa-852a-5f78b308ec58,Multivitamin,2025-07-07,10,4320
Facebook,WellnessWave,800,2d3b30c6-51e2-4c4b-a050-b6acfe7da08b,Whey Protein,2025-06-17,6,1132
YouTube,FitJuly,383,a61b7c7e-4d63-446e-8da4-94f971efc9d3,Vitamin C,2025-05-28,19,9892
Facebook,WellnessWave,20,bf96703a-5427-4741-85f1-9fdc64a938b4,Creatine,2025-06-04,2,5631
Facebook,SummerShred,599,827db436-9e18-4497-9bbc-5801701bc365,Multivitamin,2025-05-30,16,4584
Facebook,WellnessWave,433,a6c4030a-adc9-4340-9215-c006d6fe5a66,Creatine,2025-06-27,11,8387
Twitter,FitJuly,758,05b9a25d-c330-4b1c-a9ec-8fbe2fd99318,Vitamin C,2025-07-10,11,2401
YouTube,PowerBoost,307,a43da2e8-1898-4b5a-a37a-ee392a4146a7,Multivitamin,2025-06-20,6,8795
Instagram,WellnessWave,641,e05fcc08-66dd-47f0-8d7c-02ca77a8927d,Vitamin C,2025-06-12,15,1666
YouTube,SummerShred,365,ea2a274d-b5aa-444d-a8dd-d0f0038f7ca9,Creatine,2025-05-08,17,3568
Twitter,FitJuly,101,4b873766-6fa0-41fc-becb-0bb2a2beb6ab,Creatine,2025-07-09,12,2264
YouTube,FitJuly,609,9dcad939-b78f-4876-a669-6f11b68e3853,Whey Protein,2025-05-22,19,9295
Twitter,FitJuly,729,440aa839-9a01-4100-812f-41066ae00bcf,Creatine,2025-05-06,13,2676
Instagram,WellnessWave,664,9c825b05-7da7-4c91-b696-b899700940c3,Vitamin C,2025-06-04,19,4449
YouTube,WellnessWave,883,72caf1ba-bb7f-4dd9-95bb-7859faf7fc6f,Multivitamin,2025-05-06,2,2829
YouTube,FitJuly,166,010319b4-a251-4148-abdc-b165536220b4,Whey Protein,2025-06-01,12,9856
Instagram,SummerShred,13,be0bf873-d4da-4559-9f30-c65b1305248e,Multivitamin,2025-05-11,17,5920
YouTube,WellnessWave,874,d67e4089-f9cb-4057-a793-bed9c6e17cca,Multivitamin,2025-05-29,10,5537
Facebook,WellnessWave,521,8324bbfe-058e-4775-8d1c-28451d54db01,Vitamin C,2025-07-14,12,5220
YouTube,PowerBoost,742,44e7273d-2177-40c0-bd29-4c648a65b2c2,Vitamin C,2025-05-21,18,8709
Twitter,SummerShred,474,f443db19-8e61-413f-8d26-9962cf5e8625,Multivitamin,2025-07-09,15,6544
Instagram,PowerBoost,201,6232e8d1-72ac-4aac-8497-dc8f2e1e4d0c,Whey Protein,2025-06-08,17,1721
Twitter,PowerBoost,339,cf6e4fed-e195-4619-9935-b32cdf3d3e91,Creatine,2025-07-06,8,1490
YouTube,PowerBoost,114,0144acf0-2cb9-4739-ae5f-dc2a86aef2f2,Multivitamin,2025-05-14,7,8263
YouTube,WellnessWave,28,08de76e8-0352-4e6b-98ac-769ae5be4b13,Multivitamin,2025-07-10,3,2923
Instagram,PowerBoost,863,150af294-5233-4291-8f99-4eb9760a7f92,Multivitamin,2025-05-20,5,1556
Facebook,PowerBoost,970,55ff994f-864d-43d4-a9ad-e459cc795613,Creatine,2025-06-15,17,9021
Instagram,FitJuly,137,98cfe825-fa96-40fc-bb52-328263a1368d,Whey Protein,2025-05-05,6,2883
Instagram,PowerBoost,814,19361009-baa7-4b51-a8ac-4bb38b7a3c30,Whey Protein,2025-05-16,2,8372
Twitter,SummerShred,132,5247c74e-1108-4992-9492-14206ffc13ba,Whey Protein,2025-05-27,19,5469
Instagram,PowerBoost,33,5ed842a5-429b-435f-82b1-7e36ba6d114f,Multivitamin,2025-05-03,3,797
Twitter,WellnessWave,748,289112c6-2640-4cda-81d0-41487c4f209c,Whey Protein,2025-07-08,13,8899
Instagram,PowerBoost,249,170e5de3-5e9a-4d3c-b821-ac3663df8443,Creatine,2025-07-09,20,950
Facebook,WellnessWave,542,07e38862-a3cd-4b3b-949c-ae2052653663,Creatine,2025-06-24,17,5764
Instagram,FitJuly,952,aee8237b-fba4-4081-87d4-5615d3b3e051,Creatine,2025-05-05,9,9433
Facebook,FitJuly,131,003f08ac-fd49-4d46-b3c0-6126a004d7b8,Multivitamin,2025-07-07,14,6086
Twitter,SummerShred,35,75758ced-87a6-4935-9ca1-f5080adab386,Creatine,2025-06-02,13,8434
Facebook,FitJuly,165,681f721a-e65b-485c-bbbe-b4b7256e4842,Whey Protein,2025-05-10,1,6703
Twitter,WellnessWave,988,732abb84-6a2f-4e83-b0ea-52a421dea3dd,Creatine,2025-05-23,19,2676
Facebook,PowerBoost,728,75a16c5b-05c2-4e4c-b64b-4aad15ef6419,Vitamin C,2025-05-07,5,2291
YouTube,WellnessWave,989,bde79d9f-3a17-498d-9d8d-db8b2b76a41a,Vitamin C,2025-05-09,9,1265
Instagram,PowerBoost,448,95914cb1-aa69-4a0f-ba7f-7f99215401ef,Vitamin C,2025-05-19,4,3328
YouTube,PowerBoost,959,b2f8ea72-0404-453d-ac84-0fe65c91a9be,Multivitamin,2025-07-11,8,3286
Twitter,FitJuly,479,71ca5360-64e6-4704-8b4d-da1f9318e682,Creatine,2025-07-14,7,2544
Twitter,PowerBoost,853,bf623746-4cd2-46a4-84ab-24d1e2f156ca,Vitamin C,2025-07-10,18,4901
Facebook,WellnessWave,608,39b597ae-916c-46e1-b567-78d32d31c20b,Creatine,2025-07-20,6,6858
Twitter,SummerShred,334,c8978c6f-911d-47b5-90bc-da32fe1000dd,Whey Protein,2025-07-08,19,9483
Instagram,FitJuly,782,0f2c488c-bfdd-4eb7-8f60-a2cc53e9c4bd,Creatine,2025-06-07,19,9879
YouTube,WellnessWave,874,fdb6da9f-25d3-470b-b9c0-8e8888b74834,Creatine,2025-05-02,4,3558
Twitter,SummerShred,5,8a5efee2-76c4-4208-9b81-138c6beee4a1,Vitamin C,2025-06-18,11,5593
Instagram,WellnessWave,807,63a48cf1-9a29-401c-8821-c6f1f6a69b80,Creatine,2025-06-18,9,6211
Facebook,PowerBoost,596,515bedba-5e14-412c-97ab-1f8d74dbb979,Vitamin C,2025-06-30,18,3880
Twitter,SummerShred,362,3d614a43-a6c6-4d52-a53d-a3f5a4cae467,Whey Protein,2025-06-28,9,9336
Facebook,PowerBoost,919,52befd91-5e57-4550-b35f-4ef1dc4a2032,Multivitamin,2025-05-25,4,1441
Facebook,PowerBoost,556,a17f541d-6f26-4bd1-9996-10be5fcef5cc,Vitamin C,2025-05-02,8,1632
Instagram,SummerShred,916,756513b2-cbf7-49a0-b521-5ebcaa2855d9,Creatine,2025-07-02,17,5425
YouTube,PowerBoost,123,e59ef034-2d05-4695-82bf-119087e35fc0,Multivitamin,2025-05-22,19,9553
Instagram,WellnessWave,857,18f0f9ac-9e2a-4523-887d-a95b8783ab14,Vitamin C,2025-06-22,15,4778
Twitter,SummerShred,927,5852f536-4d59-4f6a-9591-479e2cae34cb,Whey Protein,2025-05-05,6,598
Twitter,FitJuly,240,79bdd4d9-3b0b-41de-be25-24cdc1f818b9,Whey Protein,2025-07-20,12,4097
Facebook,SummerShred,141,2f13dd2b-544c-420e-852c-20e88eb2304f,Multivitamin,2025-06-06,2,8624
Twitter,FitJuly,423,e1cf2e52-2dbd-482e-93e1-f8ad1aef1d57,Vitamin C,2025-06-02,13,640
Facebook,FitJuly,956,bb2cb868-3c44-48d9-97ff-aa1504b32990,Whey Protein,2025-06-28,12,3785
YouTube,WellnessWave,613,ca82b1f2-581c-449a-a4ea-2b164a9ef497,Multivitamin,2025-04-28,5,9443
Instagram,FitJuly,809,04260502-ae04-4b7c-a154-941da10ecfef,Whey Protein,2025-05-29,18,5621
YouTube,PowerBoost,735,eabfa33d-4d1e-4b4e-88b1-ba69bc5068af,Vitamin C,2025-07-08,20,8091
Instagram,PowerBoost,478,57c21d41-81d9-4dff-9cf2-6b3c73388c1e,Creatine,2025-06-26,17,6990
Twitter,WellnessWave,584,3e1f36b3-c7f1-4055-ba42-1aa086f43268,Creatine,2025-06-10,10,8465
Twitter,SummerShred,512,b724c463-cecf-4089-9f6f-9d970767e00d,Whey Protein,2025-05-12,11,7077
YouTube,PowerBoost,767,5a18a3a9-ebdc-4082-a42c-4926b4ba2c08,Multivitamin,2025-05-15,16,677
Instagram,SummerShred,179,c7b6909c-ba82-4925-b7e2-e39c1abfa8e2,Whey Protein,2025-07-18,3,7753
Facebook,FitJuly,82,369cdfdf-2e67-4b48-9a64-f0d84b71736c,Vitamin C,2025-05-06,1,9467
Twitter,WellnessWave,756,3a24af7c-8410-4d5c-ba94-39f50b4a1d59,Creatine,2025-07-21,3,5744
Facebook,FitJuly,162,d4db52ee-2777-4eb5-89a8-cd6a28c2befa,Vitamin C,2025-06-27,6,5476
Instagram,FitJuly,278,5683c148-1169-4882-aa57-97cc67de2388,Whey Protein,2025-07-15,6,2523
YouTube,PowerBoost,198,feabea29-2e51-4314-ab98-19d39dcd9d19,Creatine,2025-07-20,11,8545
Instagram,SummerShred,675,60b9c810-ffa5-4046-941e-e74489311fa4,Multivitamin,2025-07-12,1,5400
Facebook,FitJuly,441,031ee3bb-0db7-4e53-8b54-f89bbe302254,Multivitamin,2025-05-14,3,3914
Twitter,PowerBoost,526,fd664d43-7fb8-40b3-aa3f-cbe8f93aac92,Multivitamin,2025-05-10,9,7657
Twitter,PowerBoost,868,09c330e7-979c-448b-866f-935f735694a1,Creatine,2025-06-27,19,6997
Twitter,PowerBoost,690,503aba24-03a6-4971-8534-108887859df1,Whey Protein,2025-07-17,2,2345
Instagram,PowerBoost,916,9c90b637-7031-49c2-b335-9c793923605b,Whey Protein,2025-07-19,7,8537
YouTube,PowerBoost,269,e3163e16-65b8-4a14-bb03-fdac757cf51a,Creatine,2025-07-08,2,8282
Facebook,SummerShred,813,46c82389-d052-4a75-bc0f-64aa3f2ab167,Creatine,2025-06-22,15,9945
YouTube,WellnessWave,422,ee4251a8-5a03-4121-976a-69775c0354a3,Multivitamin,2025-06-30,12,7903
YouTube,FitJuly,189,0dfe693f-173c-4902-b153-e78a7f0bd207,Vitamin C,2025-06-28,8,4758
Facebook,SummerShred,7,1053f9dd-6353-4d1e-9236-afc5fac575bd,Vitamin C,2025-07-13,12,1843
Instagram,WellnessWave,323,e64cecce-6ff3-45ad-8d3d-44d04c8fc60f,Creatine,2025-07-13,17,7483
Instagram,WellnessWave,548,35bb15a6-119f-4257-9226-e7d37e415c1c,Vitamin C,2025-05-30,3,9431
YouTube,PowerBoost,205,1d5dbb94-ce74-4dc4-b815-2ff760717114,Multivitamin,2025-07-08,6,6894
Facebook,WellnessWave,60,50eaaf0a-71a2-49b5-845f-cedee7a5aa64,Creatine,2025-05-13,14,5323
Twitter,PowerBoost,500,0bb50ec0-0e16-4a31-98f8-61c7f82f9906,Whey Protein,2025-07-04,1,3144
Twitter,FitJuly,297,c3117b3e-b84f-4dc1-bda9-5c7bd5179b27,Creatine,2025-07-01,2,6520
Instagram,WellnessWave,107,ec4a446a-5da4-46de-b6ae-fdbc9005dff2,Vitamin C,2025-05-24,5,8195
Twitter,PowerBoost,56,d4277f2a-7a4b-47ca-a4f9-e3c2b5f7b201,Multivitamin,2025-05-12,11,5835
YouTube,FitJuly,383,1b0862b7-0dc3-4c1d-80e7-aa0816af4b4a,Multivitamin,2025-06-17,9,1289
Facebook,SummerShred,542,422caabd-b184-4e6b-80b9-d6cd9f4ab968,Vitamin C,2025-04-24,11,6496
Instagram,FitJuly,211,74ea66bb-a147-4d0a-a303-a78c7934b0f3,Multivitamin,2025-06-08,2,5931
Facebook,SummerShred,48,e5d2598d-0c76-4258-b8ed-9de3ca3a98ab,Multivitamin,2025-05-15,8,9563
YouTube,WellnessWave,151,3faf6503-09ae-4190-acab-cb656a6c3ded,Multivitamin,2025-07-14,6,7229
Twitter,FitJuly,299,8486f590-a079-411e-9229-72501a5236e7,Creatine,2025-05-07,7,8962
Instagram,FitJuly,304,6173b1f8-f5d3-47df-a1b6-d9e373c3aea6,Multivitamin,2025-05-07,3,9445
YouTube,FitJuly,757,212a2369-1b83-4ca3-b9cb-0af128dcf855,Creatine,2025-05-02,12,5356
Instagram,PowerBoost,478,dc3c8350-51f2-42bd-b948-83eeb269ccf9,Multivitamin,2025-06-21,3,2704
YouTube,PowerBoost,955,c96bb001-261f-48bb-9290-088c1d1b6efd,Multivitamin,2025-04-24,1,3284
Facebook,SummerShred,536,78820738-d84b-450b-8f07-05d3d1c626b4,Whey Protein,2025-05-30,12,9559
YouTube,PowerBoost,890,23214381-3a6c-4cee-8e5c-7c760c0bd1c9,Vitamin C,2025-05-21,19,8766
Twitter,SummerShred,992,7548b044-30ef-464c-b325-2e0440a1cb6f,Multivitamin,2025-05-14,7,3887
Twitter,FitJuly,688,578e4b19-aca4-4d03-a82d-e84eb3f71be4,Multivitamin,2025-06-16,11,5712
Instagram,PowerBoost,388,a57173bd-3976-4ff6-860d-00e7be92667a,Whey Protein,2025-06-25,12,9371
Facebook,SummerShred,645,2a5617d5-b133-405e-bf77-1281cafd1576,Creatine,2025-06-25,8,7972
Instagram,FitJuly,92,de8517bf-1fab-42b2-a136-11eda7fe60d4,Whey Protein,2025-06-05,3,3037
Twitter,PowerBoost,266,c5153373-fabe-4a44-a7ad-0955590c979d,Whey Protein,2025-06-06,15,1555
Instagram,FitJuly,936,9cce9bd7-8b4d-4aae-bc59-8278895fbe0f,Creatine,2025-06-11,12,2313
Twitter,WellnessWave,435,f2068fea-a6db-4f36-a914-ebfa65387b17,Multivitamin,2025-05-04,3,6174
YouTube,PowerBoost,288,d6ca19a5-21ee-46bc-9d30-534038c817fe,Whey Protein,2025-06-07,20,1551
Instagram,PowerBoost,625,c973c168-c201-4fb5-8dd0-de8114f0c97e,Whey Protein,2025-06-01,14,9317
Facebook,WellnessWave,328,e591fcb2-ec6d-40ef-babd-672f7ccbc189,Creatine,2025-06-30,17,2479
Instagram,WellnessWave,891,29826c31-f7f7-4d4f-ad5a-ea88d05ad60a,Vitamin C,2025-07-14,11,9039
YouTube,FitJuly,823,2b0f8436-6058-4aab-b32e-88af3aaabec2,Multivitamin,2025-06-23,18,7544
YouTube,WellnessWave,454,67c9715e-4215-4da2-9da6-0694b622f1e3,Vitamin C,2025-05-07,12,4389
Instagram,PowerBoost,179,e0c1f703-ec5f-4ae8-8249-f049d99e7676,Creatine,2025-07-15,15,6365
Facebook,PowerBoost,309,da37ddf8-8364-41de-947a-e8cac7e3064f,Vitamin C,2025-06-23,9,4144
Twitter,SummerShred,73,cdfa0dba-1794-4714-a7e4-f6aa8214c479,Multivitamin,2025-05-07,1,6627
Twitter,SummerShred,719,0c9d4d32-a26e-4852-9004-a99e674d1b19,Whey Protein,2025-06-11,15,3681
Instagram,WellnessWave,313,369b7292-b3eb-4b74-943b-3b7b9c823bca,Creatine,2025-06-21,11,7396
YouTube,SummerShred,104,a1e3f579-d35b-4eeb-9abf-0721622f1370,Vitamin C,2025-06-06,18,8023
Twitter,SummerShred,932,78f24325-0103-4216-9ccc-0c95c1e01680,Whey Protein,2025-07-14,19,6098
Instagram,WellnessWave,938,a6f85381-d9ab-40b0-8d7a-df2288345dbc,Multivitamin,2025-06-24,4,4081
YouTube,PowerBoost,130,e7c1e23f-849c-4f48-b3b0-b04843fe0548,Multivitamin,2025-07-12,1,3607
Twitter,WellnessWave,741,ccb20aa3-f28f-4d27-a59b-284fdd996d63,Creatine,2025-05-08,6,1258
Facebook,WellnessWave,105,912afc8d-8bde-453b-96c8-847c999a725d,Creatine,2025-04-24,15,2708
Instagram,SummerShred,965,7e110b89-0ea2-44a1-ad99-c0addff7e48e,Multivitamin,2025-07-13,3,6970
Facebook,FitJuly,459,a52b002b-f246-419f-bae4-8a4c846fdf63,Whey Protein,2025-05-09,12,5087
Facebook,PowerBoost,922,5b43c689-1f9d-42b2-8aa4-cd3d600abd06,Multivitamin,2025-06-02,18,6243
Instagram,WellnessWave,617,2902d384-a288-452a-8f3a-53658afff507,Creatine,2025-05-19,16,6705
Facebook,SummerShred,433,41be8dea-8404-4263-aa7e-4f0a9bcee5db,Vitamin C,2025-07-03,9,529
Facebook,FitJuly,732,1b060d17-3a4d-4fbb-8d90-02891185db35,Creatine,2025-05-04,16,8410
Facebook,FitJuly,849,de098798-feca-43be-9360-799c9653a31f,Multivitamin,2025-07-04,7,4843
YouTube,WellnessWave,497,599d0938-f7e3-429f-ba9a-3ed5096667a3,Whey Protein,2025-05-21,4,1005
Twitter,WellnessWave,197,9f6a6101-9f59-4755-a75c-ff6f4850aa25,Creatine,2025-04-26,2,7750
Instagram,WellnessWave,249,63349bef-b2a9-45a9-be59-fe630bbfb20d,Vitamin C,2025-07-01,3,5109
Instagram,WellnessWave,169,9989d4a2-6c13-4a52-b9b3-570d80aafb35,Multivitamin,2025-06-11,16,9330
Twitter,PowerBoost,413,d0edf012-7be0-4183-a52a-0658a80095b7,Multivitamin,2025-05-11,5,7693
Facebook,WellnessWave,60,154d9b2c-806a-4232-b673-904dfcf51aa2,Multivitamin,2025-05-27,18,1387
Instagram,SummerShred,319,83fcf54f-a8ed-4eae-accb-76a8c9b53d17,Multivitamin,2025-06-22,4,4746
Twitter,PowerBoost,688,da52371f-b750-4d00-8eb4-192f2035ab36,Vitamin C,2025-07-16,2,5779
Instagram,FitJuly,251,70754267-e24d-4a42-8cf0-9fc6e9011264,Vitamin C,2025-04-27,6,3590
YouTube,SummerShred,516,43a43f3b-2012-4dea-89f8-e1779c5313a8,Vitamin C,2025-05-30,11,1520
Twitter,WellnessWave,126,5d56e71b-f2d3-4fb1-a305-b93194dc6a79,Multivitamin,2025-06-23,1,2015
YouTube,FitJuly,711,0d4e5690-5b73-4fa2-a6e8-fba88953d8f2,Vitamin C,2025-06-09,2,5657
YouTube,SummerShred,827,184c5db8-ed23-42e7-808b-83b3f05b9774,Vitamin C,2025-05-07,14,578
Instagram,PowerBoost,649,210db44f-af1e-4962-bd42-216774d68f80,Vitamin C,2025-05-09,8,6076
YouTube,PowerBoost,151,cb3fa75a-3655-4327-bafa-b88ac44ab1ef,Whey Protein,2025-06-28,8,5645
Facebook,WellnessWave,165,5cf5db38-b16e-4a5f-90f2-13ed6a967657,Vitamin C,2025-06-11,14,1225
Instagram,WellnessWave,421,cf435cf8-fa8e-4207-8a30-92430a90fee4,Creatine,2025-06-30,11,6355
Instagram,WellnessWave,786,c39f9ba5-3bfb-4a60-956b-3ef904846b3e,Multivitamin,2025-05-13,12,8562
Instagram,PowerBoost,965,1466e007-e52f-48ee-b27f-e8b2dd473d2b,Multivitamin,2025-05-18,16,6324
YouTube,FitJuly,119,b2463804-fb75-4c85-ad60-db895d589c1f,Multivitamin,2025-06-28,3,2656
Instagram,PowerBoost,251,94dc00ff-0c6e-4c92-97fd-8996fe26b220,Vitamin C,2025-06-08,18,6991
Twitter,WellnessWave,271,17b55421-d87d-4b0d-bc6f-38ea20f51bf9,Multivitamin,2025-05-14,4,4784
YouTube,PowerBoost,516,197a3d3c-5666-4f7d-82db-0ba8482312ec,Creatine,2025-07-18,11,3950
Facebook,PowerBoost,78,52fc8ff7-e8d5-4a74-80e1-62621d9e230f,Vitamin C,2025-05-01,20,9077
Facebook,PowerBoost,48,c115480f-3330-4a92-90a0-f00f70db8014,Vitamin C,2025-04-29,9,9557
Facebook,FitJuly,555,f7d9a1ce-8068-4f5b-9d89-4181b109f38a,Creatine,2025-05-23,9,2854
Facebook,FitJuly,371,5c709c58-01a3-4c11-80ad-033324141558,Creatine,2025-06-18,19,9355
Twitter,PowerBoost,963,2c9f2f43-c221-4a73-a23a-f3bfc3a8657a,Creatine,2025-06-25,9,3264
YouTube,FitJuly,493,0ced5b84-f8f2-4a83-985c-da8c7ec15209,Vitamin C,2025-05-28,17,6273
Instagram,SummerShred,110,076c89d1-7599-491a-9f43-6ee3bf5bc67e,Multivitamin,2025-04-24,1,9227
Facebook,PowerBoost,503,841722f7-8fe6-4cc0-b352-4f8dff95f92b,Creatine,2025-05-25,5,3180
Instagram,PowerBoost,1000,5d9aa6ed-acb6-410e-be3e-47df3e3e2924,Vitamin C,2025-07-03,10,1014
Twitter,SummerShred,635,8407dd6b-97b0-4057-98b6-62f5c34a2fc9,Multivitamin,2025-05-27,6,8859
Instagram,WellnessWave,183,457c59d0-65a8-453c-881c-104ace95f0e1,Multivitamin,2025-07-21,13,9953
Twitter,FitJuly,654,7e704ae5-46ab-42be-86ca-abbe42413a10,Creatine,2025-07-02,10,3493
YouTube,WellnessWave,736,07724d2f-7bab-4236-b1c1-e25c1a351b0f,Vitamin C,2025-07-04,10,4319
Twitter,PowerBoost,425,a4ef9f58-3890-46c0-95c3-cd03a485fcf8,Creatine,2025-07-17,7,5801
Facebook,WellnessWave,546,09bbd016-f9ad-4671-b318-1bc4c14f4635,Multivitamin,2025-06-01,6,3516
YouTube,WellnessWave,999,21f9ac9d-0900-4f24-9992-f46f8fc9a84a,Vitamin C,2025-07-16,4,3191
Facebook,FitJuly,573,f4b96618-be5c-42e9-ae98-715f6f0222c8,Vitamin C,2025-04-23,20,7141
Instagram,FitJuly,3,f209349d-ee1a-4bce-80eb-892650a20af0,Multivitamin,2025-06-16,7,5323
Facebook,SummerShred,813,67f07d82-3c51-499f-ad72-a4f2114c31cf,Multivitamin,2025-05-02,14,1027
YouTube,SummerShred,129,5c6e56e7-6a3c-44ea-bdd8-e379ff2f6a95,Vitamin C,2025-05-12,1,1796
Twitter,WellnessWave,502,8f2078af-8a00-45b4-9e04-e2324556e834,Whey Protein,2025-06-05,15,1717
Twitter,WellnessWave,964,cc205147-1780-4944-a4df-9fb6f97e2d15,Creatine,2025-05-20,13,2562
YouTube,PowerBoost,747,99a7bfc9-f8ff-44da-976f-2f72134b581c,Multivitamin,2025-05-31,1,7877
Facebook,PowerBoost,600,7cc0315a-d049-4a21-81d5-8cf533712e09,Vitamin C,2025-05-26,20,7914
YouTube,PowerBoost,966,a870e929-a73a-4faf-8fd7-fa2d722bfa96,Creatine,2025-06-25,15,7666
Twitter,SummerShred,38,3c3db93c-c769-415b-81da-7e936284f625,Vitamin C,2025-05-11,1,2814
Instagram,SummerShred,863,66b32d9e-f842-4210-9ad4-32ef2c3331a1,Creatine,2025-06-19,1,7772
Instagram,PowerBoost,169,5cf5cf4d-7528-4e25-964b-03967f32fc6e,Multivitamin,2025-05-25,11,3594
Instagram,FitJuly,575,74205e99-1ba0-4584-aa69-e07c26c0dc54,Whey Protein,2025-06-11,8,3021
Instagram,PowerBoost,797,02146a19-d8b2-4e4f-98ea-59081724d971,Vitamin C,2025-04-24,17,4519
Instagram,FitJuly,110,0800e48e-506c-4bca-9c9b-2a56f735846d,Whey Protein,2025-06-27,1,880
Instagram,PowerBoost,356,82954c08-0642-4f65-8a02-04cce08bd8a2,Multivitamin,2025-05-17,9,6460
Twitter,SummerShred,639,c59119bf-deea-47f9-ab31-eeb998cdb37e,Vitamin C,2025-05-01,14,8369
Facebook,SummerShred,361,7081e814-ecf4-45e9-a162-af3d568f878c,Whey Protein,2025-07-14,9,1408
Facebook,PowerBoost,133,b604a225-6952-4d54-85ee-7251001a5c90,Whey Protein,2025-07-10,20,8703
YouTube,PowerBoost,220,d58237fc-30e0-4a31-862f-2d81be8839af,Multivitamin,2025-05-24,8,1981
YouTube,WellnessWave,693,16236efe-0fb8-4df0-b08f-6d316a1e6a8d,Multivitamin,2025-07-21,2,1639
Facebook,SummerShred,455,d7f3cfdd-5cf9-4744-9e87-0e3b2633d332,Vitamin C,2025-04-24,13,1384
Instagram,SummerShred,760,c9605f04-a8bc-403a-a42a-a37715c59b4b,Creatine,2025-04-26,11,7974
Twitter,PowerBoost,897,281f54f6-ef22-417e-8864-960a4b95611c,Creatine,2025-06-01,10,7492
Facebook,WellnessWave,436,39c317a1-f096-4942-b9ff-75741731731b,Creatine,2025-05-29,13,3782
Facebook,WellnessWave,632,6b55bc42-30af-4509-bd92-b4a4a596b1f1,Whey Protein,2025-05-23,18,5600
YouTube,SummerShred,18,27a32f37-df71-4291-8257-32b9a9f99383,Vitamin C,2025-05-16,11,951
YouTube,PowerBoost,152,4f8eac5f-0661-46de-add9-b88e1b7aee50,Multivitamin,2025-06-28,5,2293
Instagram,WellnessWave,424,49e493a6-a083-46be-a8b8-8f4f78d38601,Creatine,2025-06-13,4,4188
Twitter,FitJuly,502,818ee2ed-5086-4c16-8d8b-6b98c8d96474,Creatine,2025-06-18,8,1695
Twitter,WellnessWave,218,f24e4ea7-69af-4b64-996b-76f59d414f92,Creatine,2025-05-11,4,5231
Twitter,SummerShred,443,855b1ccc-8828-4ac5-86ca-8ece7b4fad96,Whey Protein,2025-06-15,20,4874
Twitter,SummerShred,927,76d9c616-0cc5-476b-a081-25343a497a32,Vitamin C,2025-05-31,5,1027
Facebook,PowerBoost,632,2921bf6f-1528-467f-a97c-f842a766e67c,Vitamin C,2025-06-06,17,516
Instagram,WellnessWave,807,b358f7fc-ecdf-4bde-948c-6e7e34960c5e,Creatine,2025-04-26,12,3986
Instagram,FitJuly,292,420866c6-d099-4a16-add2-d53bd02a050e,Creatine,2025-07-21,11,2140
Instagram,WellnessWave,838,ba05371e-bfb1-42a7-841b-af2fc2e1744a,Whey Protein,2025-05-11,13,9173
Twitter,WellnessWave,593,6b6112b2-0b2d-4ebf-bda6-3d451afb029d,Vitamin C,2025-05-18,20,5670
Facebook,SummerShred,156,44be574a-5ec9-4e40-8ecf-c4e6667e5d7d,Multivitamin,2025-05-12,1,7125
YouTube,PowerBoost,198,d14d6295-d268-4f13-ae4d-faa299456d0b,Creatine,2025-05-26,20,1901
YouTube,WellnessWave,508,19f46ccc-b27c-415c-bbf0-79a12dcfd65b,Vitamin C,2025-06-12,11,5175
YouTube,FitJuly,971,51020546-8da1-4ef7-882b-bb81f0a69fad,Vitamin C,2025-06-07,3,1045
Facebook,PowerBoost,295,e39897a3-4e86-4f15-8ff4-9f8dc4693cef,Whey Protein,2025-06-06,17,5137
Twitter,FitJuly,610,1cd75f56-f5e7-4ab9-8267-c66b113d8d1b,Multivitamin,2025-07-15,2,5058
YouTube,SummerShred,957,1e8ab901-3ed1-4ec4-b903-7d5b1bcfdebe,Multivitamin,2025-07-18,18,2479
Twitter,FitJuly,425,a60ab47c-2088-47a2-a962-07bc17c3fa1a,Creatine,2025-05-08,14,7822
Facebook,PowerBoost,696,a72eb3dc-f875-4601-b426-4a5648682d23,Multivitamin,2025-06-16,6,1391
Instagram,SummerShred,275,c7bbb34f-70d0-4f05-98f0-3c48a2e59d2f,Multivitamin,2025-06-22,5,5068
Twitter,PowerBoost,563,216fccb5-17d5-4faa-ae04-030ff8173289,Creatine,2025-07-20,20,9398
Instagram,SummerShred,84,93343932-9855-4314-b5a8-5fe09f26a946,Vitamin C,2025-05-29,17,9445
Instagram,SummerShred,785,b6143c03-63cc-4e75-b2aa-ebcafed1b69e,Vitamin C,2025-07-12,16,5893
Facebook,FitJuly,25,27683a9b-3526-4cb6-bbb3-841130ba3df0,Multivitamin,2025-06-20,2,5945
Twitter,PowerBoost,54,8e7f2918-5294-43ab-9e77-e5f4d002c1e1,Multivitamin,2025-07-03,13,6787
Instagram,WellnessWave,788,1209791f-7aa0-48c4-a8e8-fcf82d0e50f7,Vitamin C,2025-07-11,11,3328
Instagram,PowerBoost,586,a49271c6-34e0-4824-9fec-df60879245e9,Vitamin C,2025-06-03,3,8974
Twitter,PowerBoost,681,cdc98b94-1f6c-4492-8c8b-78115a3d60a2,Vitamin C,2025-07-06,17,3694
Facebook,PowerBoost,21,6bd61a09-386f-4abd-84a9-086aea4c84c7,Multivitamin,2025-05-31,2,7402
Instagram,PowerBoost,716,21fadfdd-bac3-4933-81bd-3829f72f5294,Creatine,2025-07-18,3,7886
Instagram,FitJuly,127,9a1cc6aa-09ed-46ac-9253-914b89a4dd86,Whey Protein,2025-05-31,20,5250
YouTube,PowerBoost,917,5c9aa951-3fbd-42a0-8908-52af88548930,Multivitamin,2025-06-14,18,4440
Twitter,SummerShred,435,a72f6ca3-4b9e-4e64-858a-168a51583d6e,Creatine,2025-06-29,16,6314
Instagram,FitJuly,386,1c9e77ca-e19c-4bdc-ba6d-28b9d8bcc1b3,Vitamin C,2025-05-07,17,7787
Twitter,FitJuly,101,e5a2179b-3164-406b-9f13-24da1845d2a8,Creatine,2025-06-09,5,8135
Facebook,FitJuly,315,18d3f3fb-0a9e-4910-85d4-4b8a67bc57c8,Vitamin C,2025-07-07,17,1824
YouTube,PowerBoost,570,51f7ae0a-75f5-4e46-929c-85f7036b25b8,Creatine,2025-07-02,14,9948
YouTube,FitJuly,668,ef7288f4-33ae-4594-89aa-86c44592e9a9,Vitamin C,2025-06-29,13,9186
Instagram,SummerShred,210,84726800-a413-4bc1-9d46-532ec8bd9f0c,Creatine,2025-07-12,17,2958
Twitter,FitJuly,458,04fcd8c7-164c-4d41-9822-b8c52a6ba1e6,Vitamin C,2025-05-25,13,2272
Twitter,SummerShred,701,4349ce86-4570-45c1-995b-5ad7a5c5b1c6,Vitamin C,2025-06-25,20,5033
Instagram,WellnessWave,331,3dd228c7-6c01-486d-9b89-0549f641863b,Whey Protein,2025-05-25,16,9585
YouTube,FitJuly,337,1bbefc71-e691-44ba-af12-d7f1deab9064,Creatine,2025-05-21,14,6905
Twitter,PowerBoost,280,76d1d693-85cb-4828-9735-7c2b5edd9c81,Vitamin C,2025-07-14,8,8796
Instagram,PowerBoost,322,ee2a41a0-81f7-459f-8ddb-fbb00bc14caf,Whey Protein,2025-04-25,7,3649
Facebook,FitJuly,632,40572ded-b38e-4c8a-8a73-c8af86562bf2,Vitamin C,2025-06-13,10,4601
Twitter,WellnessWave,748,67a35328-30ff-4083-ae49-56f5331ed6c7,Multivitamin,2025-04-26,17,5814
Instagram,WellnessWave,776,4997c8bb-50c9-4fdb-b55e-4c9f7ed7a4e3,Creatine,2025-07-09,18,7174
Twitter,WellnessWave,789,87d56260-8646-47d3-84c3-de207b5038e8,Whey Protein,2025-06-21,4,2823
Instagram,SummerShred,582,c5de0627-5c3d-4452-a869-b57d7dc088ec,Multivitamin,2025-07-19,17,5964
YouTube,PowerBoost,943,0d246a02-1174-45cb-8e29-d35d3dcad355,Creatine,2025-07-01,4,3590
YouTube,SummerShred,998,cc5af5de-d9b1-4841-b6e1-4e708165a6fe,Whey Protein,2025-05-18,16,7303
Twitter,SummerShred,461,62ad3810-28cb-46bd-b9f3-b97dfbcf427f,Whey Protein,2025-04-26,17,4450
Instagram,FitJuly,575,bbbdbc68-4979-4baa-ae08-4314bdf2d8e3,Creatine,2025-06-02,3,2111
Facebook,SummerShred,74,8110f56c-cb01-4627-b6fb-a6cc5b0d6b4d,Creatine,2025-04-29,14,3688
Instagram,SummerShred,661,cb6a7738-0327-4cc3-b44c-2fdb61c11e95,Creatine,2025-05-02,16,7451
YouTube,WellnessWave,805,fb6a6721-fd93-4b46-ad13-f50583efae96,Multivitamin,2025-06-12,20,9742
Instagram,PowerBoost,424,2a68748a-8f0e-4063-885a-0b94885e3db9,Multivitamin,2025-07-05,5,6901
Instagram,PowerBoost,773,a189bd22-a751-44fb-8d5d-cbe3a1784525,Creatine,2025-06-02,5,7754
Facebook,PowerBoost,876,d88c03bf-4688-4d0f-a2d0-7e542ed521f1,Whey Protein,2025-06-27,14,3230
Facebook,FitJuly,540,a827dc81-c283-4921-98a9-265ca14d02fc,Vitamin C,2025-06-12,18,3800
Twitter,FitJuly,144,2244245f-5b86-4fdb-8e23-842000f77965,Vitamin C,2025-06-24,4,9947
YouTube,WellnessWave,955,2c78e082-ccbe-4e0e-96de-4f7ba2c7583f,Whey Protein,2025-05-03,10,6206
Facebook,PowerBoost,525,4ec9f2ef-63cc-46ac-8b11-9965a6ab2e94,Creatine,2025-06-10,1,8080
Instagram,PowerBoost,147,fec1ebef-175a-40a9-a37c-d88745bfc525,Creatine,2025-06-14,20,7329
YouTube,FitJuly,704,58758784-56c1-40e5-8510-f7f52df4db31,Multivitamin,2025-06-09,10,5432
Twitter,SummerShred,246,afd146f2-52f4-462a-9113-987af83ffc45,Whey Protein,2025-05-12,12,6456
Instagram,SummerShred,2,8298041b-cd40-47c3-8f19-351ea46353f0,Vitamin C,2025-06-22,5,7790
Instagram,WellnessWave,760,073d7c59-57a4-4f1d-8052-091aab384323,Multivitamin,2025-06-16,6,4715
YouTube,SummerShred,557,98a37765-f861-4781-9c6d-b216f9777fc3,Multivitamin,2025-06-16,17,3424
YouTube,WellnessWave,378,9d1f1654-e109-4083-86cf-5e251b1967e1,Creatine,2025-06-05,16,6315
Instagram,FitJuly,186,1efa075a-e422-4949-977e-7a6f2eb1e717,Whey Protein,2025-04-29,11,9973
Twitter,SummerShred,54,dd45a93b-4cf4-4953-9dc1-3859d4338b54,Whey Protein,2025-06-14,3,7648
YouTube,PowerBoost,181,7f169300-32d0-4dda-83f9-070ef7ccbd0e,Creatine,2025-05-16,20,695
Twitter,SummerShred,779,06d84b31-32db-4370-a0f8-fedcabb4e206,Vitamin C,2025-05-26,3,6617
Instagram,FitJuly,179,c9dfc8a2-b5a1-42c1-a1b6-3787e4555717,Vitamin C,2025-06-11,17,7876
Twitter,SummerShred,184,10003e57-9afa-42c0-b6b1-c212f243849f,Whey Protein,2025-06-26,17,9248
Instagram,WellnessWave,760,4ba2ca78-bc18-4355-b23c-a00301bd4bbc,Vitamin C,2025-05-23,20,3841
Facebook,PowerBoost,746,b1980569-7bcc-467e-be27-24d6b422311e,Whey Protein,2025-05-27,8,662
YouTube,SummerShred,93,b343d9e3-274f-418f-bdc2-add8309cf9a8,Multivitamin,2025-06-04,19,7226
YouTube,SummerShred,419,bc98efbd-acd1-4cdb-857a-7638c022b00e,Multivitamin,2025-05-30,4,5633
Facebook,WellnessWave,687,9681c9cf-bc7d-44d5-b9ad-71902ee893ef,Vitamin C,2025-05-21,12,2809
YouTube,PowerBoost,591,5b7b30cf-f117-4c33-adc1-81808ac1a04e,Whey Protein,2025-06-24,11,1501
Facebook,FitJuly,768,254828f8-045c-4bb8-8f24-80497e9e237a,Whey Protein,2025-05-23,9,9303
Instagram,FitJuly,665,8a141d0c-ec04-4542-994c-b6360121d3a9,Multivitamin,2025-04-26,9,5399
YouTube,PowerBoost,942,f693689a-f600-43fe-8e5d-ca6dd9be7f45,Creatine,2025-06-20,14,7794
YouTube,WellnessWave,823,143ab711-a8e6-4bb8-ba2d-02ada7776738,Vitamin C,2025-07-03,13,2663
Facebook,PowerBoost,463,24498c39-b85d-4bb3-b65a-590ca9c31960,Whey Protein,2025-06-08,14,3547
YouTube,SummerShred,286,cce5f384-abcf-4285-a8aa-71af09b87df0,Vitamin C,2025-05-15,3,2886
Instagram,SummerShred,33,57b6b300-b4e4-46a5-bcaf-3508d1e45efc,Creatine,2025-06-20,11,1379
Facebook,WellnessWave,230,464c18fd-b633-4aed-bb37-dd748c87ae43,Creatine,2025-05-16,14,5586
Twitter,SummerShred,16,74d9af0f-f9a4-484d-9bd8-b6e7d9fdc213,Vitamin C,2025-04-30,9,7798
YouTube,FitJuly,869,84ba86f2-19a2-4c44-ba77-1565db0f4545,Creatine,2025-07-15,7,6467
Instagram,WellnessWave,248,c4483174-424a-400d-b8c4-1356de022064,Creatine,2025-05-30,3,9925
Facebook,WellnessWave,596,94e6a2cf-ffb5-4a68-8fb3-8cf48039af95,Multivitamin,2025-06-08,4,7782
Instagram,FitJuly,921,5067c0ff-cbba-40e9-b3c8-f271cca85d1d,Creatine,2025-06-26,20,2616
Facebook,FitJuly,531,00a7bd73-b3fd-4a85-b20d-e796b9638d68,Vitamin C,2025-05-10,18,7593
Facebook,PowerBoost,529,6343d37c-ad60-4139-b1a6-790aeeb59198,Creatine,2025-06-06,8,3227
Facebook,FitJuly,662,93ab4e8a-25d6-4088-83a0-2c9d95e399e6,Creatine,2025-06-29,20,7130
Facebook,WellnessWave,550,25671459-2c07-484a-98e2-7bf52860c179,Whey Protein,2025-06-27,1,4461
Facebook,SummerShred,602,fca1ba87-3fa6-4554-b620-17f1af77fb2b,Creatine,2025-05-26,17,3331
YouTube,WellnessWave,189,d0a1a3f9-6074-4806-9882-c020c5055bb3,Creatine,2025-06-12,6,8028
Twitter,PowerBoost,413,5a104de9-09e2-49d6-956d-64faed8e6691,Vitamin C,2025-05-02,19,8437
Instagram,FitJuly,603,16f51202-c812-483d-8250-b1b1b2d08d78,Creatine,2025-06-13,13,3304
YouTube,FitJuly,587,f367d0b7-f058-430c-961f-80e2fd271cd5,Vitamin C,2025-05-05,1,4665
YouTube,SummerShred,630,a142ac0a-d27c-4c17-a59f-1e16c75d2261,Vitamin C,2025-06-24,6,7576
Instagram,FitJuly,211,9e420f00-e54d-4778-bcc7-809250a50051,Vitamin C,2025-06-27,11,3399
Instagram,SummerShred,37,b470fd88-b1dd-48b1-96f4-857ed1c39b1d,Multivitamin,2025-06-22,18,7086
Facebook,PowerBoost,935,014f26db-f269-4f5e-8321-ff32b395ca49,Whey Protein,2025-05-24,12,7475
Instagram,WellnessWave,110,3a231b6c-5d12-4d57-90a8-3b2d9c41f969,Vitamin C,2025-05-07,10,4585
Twitter,WellnessWave,719,eaa61996-7206-4b2f-8b5e-e5232b57917f,Whey Protein,2025-04-25,20,3712
YouTube,FitJuly,89,57c985a6-8616-4c77-a7d4-f2cd2bd94502,Whey Protein,2025-05-22,3,9816
YouTube,SummerShred,567,c3fb248c-4d43-40ed-9f65-099dd428b5eb,Creatine,2025-06-24,6,9905
Instagram,SummerShred,110,10420f31-08d3-4a09-924d-4a4125e6a041,Creatine,2025-06-29,15,3963
Twitter,FitJuly,479,6539d0c0-d4fb-4c6f-a3af-a66073f2296c,Whey Protein,2025-05-23,18,6363
YouTube,FitJuly,978,f675d13f-f28e-4ea5-83aa-e9b434d7952b,Creatine,2025-07-08,12,5094
Instagram,WellnessWave,202,5c6ab908-4924-41cb-8776-f2a47dc08033,Creatine,2025-06-20,20,5184
Instagram,PowerBoost,92,0db29b4a-757f-475a-9abb-7d78a2996272,Vitamin C,2025-07-19,19,1188
YouTube,PowerBoost,189,92892273-1be4-4826-b0fb-1e50d6f5ec6c,Multivitamin,2025-07-13,20,3599
Twitter,PowerBoost,446,e6093eca-f7eb-4bce-b8af-2b732e1201b4,Whey Protein,2025-04-24,1,952
Instagram,PowerBoost,891,02b0391d-4e68-4d91-89af-cb7cb7838b11,Creatine,2025-05-28,6,9683
Twitter,PowerBoost,681,dbdd2af5-54c0-4cd3-a09d-549e5434a9f5,Creatine,2025-06-16,16,6550
YouTube,SummerShred,161,ab6e2597-4442-4021-8e8c-5d8a1c74b0e7,Multivitamin,2025-05-27,15,9321
Twitter,PowerBoost,710,af69d79a-960c-4ee2-ae34-1cf77f0ec403,Creatine,2025-06-25,3,6520
Instagram,WellnessWave,398,6577c8f3-9d4c-4f6b-8012-7a68d3d7f81d,Whey Protein,2025-06-27,13,2064
Instagram,FitJuly,317,a2f6180a-d3f6-4e7b-b6b5-1c6516701e7d,Creatine,2025-05-07,17,7284
Facebook,FitJuly,503,89cd32dd-71a5-46cc-8045-c37a8a857185,Vitamin C,2025-05-09,18,4641
Instagram,SummerShred,891,5fb605a2-f82b-4b68-ad8a-7deac5be7afd,Creatine,2025-06-05,2,3753
Instagram,FitJuly,825,0929789f-2f51-4d69-a336-7f7d1c626c24,Creatine,2025-06-02,11,7400
Twitter,FitJuly,789,dd2a27e2-6d2b-4a57-b5ca-07eeba4c95ad,Multivitamin,2025-06-01,12,2695
Instagram,SummerShred,776,da63e684-4403-49be-8386-7ffde3f588d2,Vitamin C,2025-06-28,5,9499
Facebook,PowerBoost,569,706e85da-e442-4666-86c8-9feb85749eb9,Whey Protein,2025-05-21,2,8719
Twitter,PowerBoost,771,a36f4db4-af71-45ad-8bb3-3b72df6b540d,Creatine,2025-04-28,4,9047
Facebook,PowerBoost,150,b610b62c-1188-474e-8dac-3cedc75a5c90,Whey Protein,2025-05-22,10,1180
Twitter,WellnessWave,54,bdd20482-25b1-479d-a279-34902fc2c5e8,Whey Protein,2025-07-19,4,1136
Twitter,PowerBoost,359,c106e2c1-6993-4c8a-9280-34d6cf473a91,Multivitamin,2025-06-12,9,6337
Instagram,WellnessWave,575,5d6d61c5-e3d0-4f9f-848b-a459f7ecf2dc,Multivitamin,2025-06-16,6,6794
Instagram,WellnessWave,661,82965b46-755b-40ae-8b55-0e1b8ba37a4a,Whey Protein,2025-05-22,8,4064
YouTube,SummerShred,559,1c91b196-eadd-4baf-ba7c-ffb8ef8ff564,Creatine,2025-06-30,5,2512
Facebook,PowerBoost,346,78771e06-904b-4040-95a5-6234d068daf3,Whey Protein,2025-06-23,1,9616
Twitter,SummerShred,864,8c743c8e-5b0b-474e-a468-d8624e8ec2e0,Creatine,2025-06-26,10,8619
Instagram,WellnessWave,716,d1aed880-0241-460b-a29d-f616933046d7,Multivitamin,2025-04-30,7,9789
Instagram,FitJuly,603,dc57281e-4406-42d8-9a3d-45feb1fa44c5,Creatine,2025-06-21,1,5093
Instagram,PowerBoost,149,5526de0c-e7b9-4433-a9a0-c862359254b7,Creatine,2025-06-12,11,1921
YouTube,PowerBoost,509,65fc63ce-b795-4190-a065-4d2469d8a57b,Creatine,2025-05-05,9,5199
Facebook,PowerBoost,599,c9ae6f0c-e37f-458e-ad42-bde7d8a72e93,Creatine,2025-07-02,20,8646
Facebook,PowerBoost,554,c909d083-e33f-4fd1-bd6b-8b1b87d0580f,Whey Protein,2025-05-14,10,7565
Instagram,WellnessWave,520,98ebc6a9-6830-41bb-8a81-08f3d4b9d00c,Multivitamin,2025-05-19,7,5206
Facebook,FitJuly,926,319153a0-b62a-4c3a-b01d-7da31ffc981d,Whey Protein,2025-05-06,18,9871
Facebook,FitJuly,305,b4332a9f-faef-45ca-8364-e0208dbca2fb,Multivitamin,2025-06-01,2,2143
YouTube,WellnessWave,481,42670a33-bc06-4a24-be10-138fbab72966,Multivitamin,2025-06-24,6,9689
Twitter,WellnessWave,111,e74dc584-b013-4315-9c13-44517531693c,Vitamin C,2025-07-08,8,6418
Twitter,FitJuly,88,3b525725-0c01-4af6-ad6f-b9c543faae75,Whey Protein,2025-05-07,16,3126
Instagram,SummerShred,777,138ecd0e-74b9-4bfe-99d1-c9affe258a91,Creatine,2025-06-05,2,4896
Twitter,FitJuly,888,703c6a20-79ad-4cf3-b6a0-f5407a158ee5,Creatine,2025-06-13,11,6807
Facebook,PowerBoost,25,f91172ca-16ce-401c-9d01-4a5a12f40081,Whey Protein,2025-06-29,1,1052
Instagram,FitJuly,930,526c4875-2a0b-468f-b1d8-5bfecae89e7e,Creatine,2025-06-17,17,552
Instagram,PowerBoost,857,d47bbc99-4305-4813-9d21-b5dcd0e38975,Multivitamin,2025-07-12,12,725
Facebook,WellnessWave,544,9b9017dc-be58-4d66-8b07-b7d949f4e42e,Vitamin C,2025-06-24,1,2963
Instagram,PowerBoost,417,1b442051-cfa2-4dc5-9fd7-af20146879f9,Creatine,2025-05-14,12,8729
Twitter,FitJuly,758,f5aea5d7-015a-46ce-a7e6-e79a4200965b,Whey Protein,2025-06-11,10,8649
Twitter,PowerBoost,523,e89cf39c-78f4-4a04-ae8c-f520298a486e,Vitamin C,2025-06-01,18,8780
Twitter,WellnessWave,963,a1e247a9-757a-4d44-b431-490ab4909294,Vitamin C,2025-05-13,20,5725
Instagram,PowerBoost,33,9ab6f588-42d5-4bea-904c-6ac2f17748a8,Multivitamin,2025-04-30,12,1081
Instagram,SummerShred,290,d5add8c0-e6f6-4c99-80e1-75007b7912ba,Multivitamin,2025-07-03,17,4070
Instagram,FitJuly,193,5f92150f-aa85-405b-b7aa-cf5b8c70d5d8,Multivitamin,2025-06-24,8,2505
YouTube,WellnessWave,619,2a594b93-eaed-411f-86df-deb846092421,Vitamin C,2025-05-10,20,5962
Twitter,SummerShred,135,ed7f48fb-8c09-45f4-8298-0393dddc8982,Creatine,2025-06-20,20,8323
Twitter,SummerShred,47,c79ceb7c-5ccb-433b-b311-b2de933e1400,Whey Protein,2025-05-16,19,2490
Twitter,WellnessWave,46,4206b6d4-2ea6-40f5-aaf3-7339c9f3559d,Multivitamin,2025-06-22,10,3602
Instagram,PowerBoost,838,ead9ef7a-09b8-44a3-b8cc-c5d307e11fb4,Multivitamin,2025-07-10,18,5517
YouTube,PowerBoost,900,b52a577f-d3c9-43fb-9638-0bee135b17c7,Whey Protein,2025-06-12,2,7699
YouTube,WellnessWave,811,fb8d6094-54fe-475a-bc2f-8fde833dbc93,Whey Protein,2025-07-11,6,5470
Facebook,PowerBoost,187,928739c9-c055-417a-b04d-591c4ff65edc,Multivitamin,2025-04-26,9,8696
Instagram,WellnessWave,304,cdbc2880-f61b-45dd-864d-33977faca628,Vitamin C,2025-06-21,6,5623
Facebook,PowerBoost,393,df1799ea-a921-427c-b7b8-3c3aeb393eed,Vitamin C,2025-07-20,12,5506
Instagram,WellnessWave,429,266ae3b7-d1f8-4690-8eed-a0705b491fa4,Multivitamin,2025-05-03,3,8974
YouTube,SummerShred,591,fd4a3b18-f54c-4971-8a3e-809b00833089,Multivitamin,2025-07-08,11,9189
Facebook,FitJuly,611,1450eb8b-44e1-4840-a876-9fd9878b28e6,Creatine,2025-05-05,13,7080
YouTube,PowerBoost,498,82309c63-b007-4c49-b889-086bdf68192d,Multivitamin,2025-06-05,16,9868
Facebook,SummerShred,78,ec80ce19-87de-4bb3-b1d0-0660ebd9381a,Whey Protein,2025-06-07,17,8570
Facebook,PowerBoost,728,c2e37b6a-cdba-46f2-99b6-e469a137716d,Vitamin C,2025-07-15,11,7537
Facebook,SummerShred,25,619e5b5b-d338-4044-9279-e6cad9bf8110,Whey Protein,2025-06-17,16,8582
Twitter,SummerShred,461,f876a669-100e-4330-b3d0-39a20ed94ca3,Creatine,2025-06-07,18,1111
Facebook,SummerShred,723,28dd0a5b-68bf-4f64-947b-1599fa8d085f,Whey Protein,2025-07-01,4,3260
Twitter,PowerBoost,635,ff2d0509-dbba-48e7-bf8a-2c3e0bafc6e0,Vitamin C,2025-06-07,20,9132
YouTube,FitJuly,890,b6e7e467-29e5-42d3-9552-27160000b375,Creatine,2025-07-19,12,7378
YouTube,WellnessWave,925,b506138a-bdce-4a45-9b46-834df203b0b6,Vitamin C,2025-06-10,13,7006
Facebook,PowerBoost,572,7b21bf13-63a4-4ea1-a063-b4de5118a05e,Multivitamin,2025-07-04,12,6681
YouTube,FitJuly,198,7a886c3d-1896-455e-8034-89384926693f,Multivitamin,2025-07-21,17,5258
YouTube,WellnessWave,72,37cc0633-f2b9-4115-835d-69ff7d1ecd08,Whey Protein,2025-07-15,7,2121
Facebook,PowerBoost,949,72c3f60a-ca50-4501-8ace-7ee692b6d896,Multivitamin,2025-07-08,12,2670
Facebook,FitJuly,158,cdf3cc9c-70e1-4b33-a177-2f4582afa274,Vitamin C,2025-06-07,13,3735
Instagram,FitJuly,84,aa3a358b-c174-46d2-9cea-58cee9e6c2c9,Vitamin C,2025-05-04,11,6802
Instagram,SummerShred,398,9cd21a62-fcc3-4b07-9153-733979238c4b,Whey Protein,2025-05-25,17,2529
YouTube,FitJuly,902,5af99d36-2e10-4e62-9b44-8b1d4fc69161,Vitamin C,2025-06-16,19,2477
Facebook,WellnessWave,305,e3c6cd8b-add6-4d0e-b4a0-aad6298c1719,Whey Protein,2025-06-24,9,6820
Twitter,SummerShred,144,9704e7ac-db9e-4dac-8193-a2db1c1e0a72,Vitamin C,2025-05-23,18,4041
Instagram,FitJuly,270,af0229ff-6cb1-44ed-b755-32d202c92e48,Creatine,2025-05-22,15,6532
Instagram,WellnessWave,518,fef154c6-1482-4457-8cdb-8d0cb4fa374d,Vitamin C,2025-05-01,3,8510
YouTube,PowerBoost,190,2baa44a0-da79-4170-8308-57f77691f043,Whey Protein,2025-06-13,7,817
Twitter,SummerShred,411,08d30657-6ee8-4633-a673-7e75f338564d,Multivitamin,2025-06-02,11,5689
Instagram,PowerBoost,418,750f546a-f78a-4fe1-853a-ae841a8a4101,Creatine,2025-05-03,8,4076
Twitter,SummerShred,629,71575ec2-17fd-4a0a-bb0f-90d9a548ef2f,Whey Protein,2025-05-28,12,6824
Instagram,FitJuly,661,cd6981b0-7f9f-4b39-b418-2bf652892578,Creatine,2025-06-22,4,6855
Instagram,SummerShred,448,6d9fbde2-17a1-48d4-9f9a-2c0db073edcc,Creatine,2025-06-03,15,540
Facebook,WellnessWave,536,6707d703-0fd4-4c33-9458-facd43208ca4,Vitamin C,2025-06-21,17,1272
Facebook,PowerBoost,569,958814a3-565b-44e3-9139-2bd4b5cd07a4,Whey Protein,2025-06-17,6,3469
Twitter,SummerShred,311,72bb5210-1a09-4057-b1a8-0e424a415ed0,Whey Protein,2025-05-01,20,1518
Facebook,WellnessWave,692,66b9e9a7-eef5-442d-9e16-3c361d89fbc0,Whey Protein,2025-07-16,17,748
Instagram,FitJuly,406,c570ad34-ca8c-4c39-aa65-a1ff0dd193db,Whey Protein,2025-07-13,16,7090
Instagram,FitJuly,625,05591a72-db8e-4f6a-86f8-5e5ba61d4a74,Creatine,2025-05-02,4,5010
YouTube,WellnessWave,959,ac39be5d-0ad0-4f31-a193-9467f5539194,Multivitamin,2025-07-01,19,7512
YouTube,FitJuly,811,ee31e2ff-1e75-4627-a5ed-78c646a60897,Vitamin C,2025-05-27,8,1507
Instagram,WellnessWave,13,6f29fd7f-a72b-4776-89f6-bc7dd50826d5,Whey Protein,2025-05-16,8,7063
Instagram,SummerShred,182,b7cc5592-a78e-4f88-bd7d-20cd7cded062,Creatine,2025-04-23,11,9771
Instagram,SummerShred,331,cdf0f964-b9d4-4812-b5d8-8bb987b66e22,Multivitamin,2025-06-04,15,2263
YouTube,FitJuly,287,36ed5a41-aeca-48b4-9c2b-7706cc3d8ae8,Vitamin C,2025-06-20,3,3200
Instagram,PowerBoost,936,2126f95b-2468-4de1-a775-c746c9fea69a,Vitamin C,2025-05-19,3,585
Facebook,FitJuly,542,d454c96c-1753-49d6-9296-502e0b1e1068,Creatine,2025-06-25,8,1597
YouTube,SummerShred,481,d06c4d68-3c13-45c1-a6a2-de18163c9582,Vitamin C,2025-06-19,3,4477
Facebook,FitJuly,192,9f4c538f-2eec-4d13-b320-965fb9a9f41f,Multivitamin,2025-07-12,2,3334
Facebook,PowerBoost,879,04abdd8c-32b0-4ab4-957d-affd984ad82a,Vitamin C,2025-06-04,20,1702
Facebook,PowerBoost,524,021ec7b2-76a7-449f-89f8-901190955cb6,Whey Protein,2025-07-10,12,5416
Instagram,FitJuly,323,b2c0dc85-3bad-441a-a45b-36f6dcef3dbf,Multivitamin,2025-06-09,18,6889
Facebook,FitJuly,524,dd4e4f95-86ee-4759-bd8b-9ead41735b06,Multivitamin,2025-05-29,16,7997
Twitter,WellnessWave,828,63068e39-f91b-4733-916b-7cde371de907,Whey Protein,2025-06-03,16,9982
YouTube,PowerBoost,286,4c0ab84c-4cb6-4c26-9bde-aa7c05627edf,Creatine,2025-07-02,4,9238
YouTube,WellnessWave,288,5cdbb7f6-b438-4f47-8da4-08f90c9d9519,Creatine,2025-04-24,14,8924
Facebook,FitJuly,460,2b62b56c-91a6-4d94-92d5-d1d86bc41d26,Vitamin C,2025-07-06,8,3828
Facebook,SummerShred,503,6954a63f-ebda-4f66-b510-6acc9a354367,Creatine,2025-04-29,15,3844
Instagram,WellnessWave,418,c89ab825-cb80-4355-bcf8-45a42cf88b76,Multivitamin,2025-05-12,5,5072
Twitter,FitJuly,79,dff6f3f9-49c3-4140-aa31-02fc5ab94a51,Whey Protein,2025-05-11,1,6236
YouTube,PowerBoost,683,19727299-4a13-4dbf-9830-1ec194e9246c,Whey Protein,2025-06-17,19,1696
Instagram,SummerShred,862,4f0299bf-c25d-4305-b1d6-4689e343a1d2,Vitamin C,2025-06-05,1,3786
YouTube,WellnessWave,837,3debebdd-a3c9-4a07-b06a-542a533ac0a2,Whey Protein,2025-07-20,6,2128
Instagram,PowerBoost,675,57e2e9ef-ecf1-431c-b7ef-4fd824197284,Multivitamin,2025-07-14,7,9396
Instagram,FitJuly,660,38b8ff6c-211f-464f-9d2c-6dec0d8d21c9,Creatine,2025-07-07,3,6742
Twitter,SummerShred,425,204787e9-111f-4f66-9a93-dbb3b67c52e8,Creatine,2025-06-06,15,2567
Twitter,SummerShred,667,0d528b82-8b9e-4832-8b18-2578722eefee,Whey Protein,2025-06-23,19,7079
Instagram,SummerShred,394,5de938f9-2b35-448c-93bd-21d313efe03c,Vitamin C,2025-07-04,2,3426
YouTube,FitJuly,247,0d5e1eb2-3644-4207-bcb6-ee7ef215c9d4,Vitamin C,2025-05-29,14,9862
Instagram,SummerShred,815,9ac9548c-75a5-4bc8-8792-f90bd2549d79,Multivitamin,2025-05-03,2,1921
Facebook,SummerShred,517,2fb76776-05c0-427f-a858-5006f48cb0a8,Whey Protein,2025-05-22,5,6990
YouTube,SummerShred,9,65ec5b9f-8755-442e-8b98-67a00d3ce220,Whey Protein,2025-06-22,16,9806
YouTube,PowerBoost,619,199ac077-459e-498b-96f4-d68b934c44b2,Whey Protein,2025-07-10,3,3708
Facebook,WellnessWave,225,34eebc01-3c6e-4cb2-874f-73caa8661fa7,Creatine,2025-05-30,2,7354
Facebook,WellnessWave,238,eef04a00-b1f0-4f28-90ba-e3f8f4878bfd,Creatine,2025-07-12,1,4015
Facebook,SummerShred,442,6a7f0af4-bc7c-4723-b7fc-52d87a885932,Creatine,2025-05-16,1,3665
Twitter,FitJuly,458,589904b7-1017-4436-bd08-da4be47e76b4,Multivitamin,2025-05-25,10,1458
YouTube,PowerBoost,498,0f47e95b-cc12-4aaf-8834-729f8f4ff209,Multivitamin,2025-06-03,3,5563
YouTube,PowerBoost,718,fc1024fc-9459-4b51-b6e8-1f1fa25a941a,Whey Protein,2025-05-13,9,4078
Twitter,FitJuly,335,fc371ffd-9166-4cfb-95e1-c110a8be1532,Vitamin C,2025-06-15,4,4299
Facebook,PowerBoost,990,898b0928-d20e-4704-8c12-cd960176f3aa,Creatine,2025-07-10,13,8694
Instagram,SummerShred,821,bb7226dd-839a-47a9-ba48-9da253d00d7c,Vitamin C,2025-06-19,5,4306
Facebook,FitJuly,949,b2b8291e-9199-45f1-98bc-7879bbfa8b13,Whey Protein,2025-05-11,20,3677
Facebook,WellnessWave,405,9efacdcc-782c-4d4c-8825-97b781de3da7,Vitamin C,2025-06-16,13,4643
Twitter,FitJuly,758,a0522617-4da3-4fed-a72e-5dc86225b2b1,Vitamin C,2025-04-26,18,1519
Instagram,PowerBoost,421,ded8f282-b40a-458f-b837-a2063bcb4511,Multivitamin,2025-05-29,5,9055
Instagram,PowerBoost,624,0b0a031c-c73b-4cf2-bced-44bfd58cd37a,Whey Protein,2025-05-10,5,4793
Facebook,FitJuly,477,9a3da185-b1e9-42e6-8b15-9d5522bea002,Whey Protein,2025-06-19,6,6233
YouTube,WellnessWave,805,a26d6b77-6475-4b5d-93e1-9ddc37c64de6,Whey Protein,2025-04-24,19,6477
Facebook,WellnessWave,901,43deeae3-4061-4508-bec3-d016e474a1a1,Vitamin C,2025-06-11,19,4192
YouTube,FitJuly,385,e44d375c-ced1-4f4a-ad2f-7101bc7ac387,Creatine,2025-07-05,1,662
YouTube,SummerShred,742,681d901b-52b9-4c12-aa3f-94fe02408c2e,Whey Protein,2025-06-22,17,9077
Facebook,FitJuly,919,5a7cfaef-9209-4772-9e2e-b8e7f11f75d8,Vitamin C,2025-05-16,5,996
Twitter,PowerBoost,688,02806178-8a75-4b7b-a209-a4028edf5814,Vitamin C,2025-05-03,12,7833
Facebook,FitJuly,546,6a7ecf51-be66-44d8-8b28-a26f2017fc80,Whey Protein,2025-07-21,11,6781
Twitter,FitJuly,41,0a56c715-2d71-41e5-af9a-624e7ada7648,Multivitamin,2025-05-29,4,3529
Instagram,WellnessWave,53,8365ca6a-eeed-4667-a70a-56a4d45c2402,Creatine,2025-07-06,16,9533
Twitter,PowerBoost,695,32adfcf0-bf94-4e0b-a1c9-0080a8d89d14,Whey Protein,2025-04-30,14,9727
Facebook,FitJuly,150,0c5bcde4-6504-4d2d-a885-f9fd8af0952b,Whey Protein,2025-07-20,18,7049
Instagram,PowerBoost,911,3fc7af0a-1ba7-422b-b5a5-3f8e244b3110,Vitamin C,2025-05-26,19,5626
Twitter,PowerBoost,763,e1df3e03-ee5e-4a39-aa47-c0d96e6e894e,Vitamin C,2025-06-27,17,5496
YouTube,PowerBoost,753,a45fb832-2a10-4335-b2d5-1d029ef8c0e1,Vitamin C,2025-07-05,8,8280
Instagram,WellnessWave,564,fc4e0476-47b2-465f-86ea-267cc9c51759,Whey Protein,2025-06-30,9,2366
Instagram,WellnessWave,965,8deb2bf1-826b-4b75-920d-ace7954bcc18,Multivitamin,2025-06-29,7,4227
Instagram,FitJuly,319,dea011ba-13a9-4481-8d6e-d55dd50b71ec,Multivitamin,2025-07-06,17,4927
Twitter,WellnessWave,258,ffb314c5-57ee-4f00-ba72-da8636f8f542,Vitamin C,2025-05-26,6,3978
YouTube,WellnessWave,707,7767b31a-9894-4f48-87c0-593181d364a0,Vitamin C,2025-05-25,12,7988
Twitter,WellnessWave,359,818f1408-f828-453f-b415-7ca10c05611d,Whey Protein,2025-06-17,10,3502
Twitter,FitJuly,964,d4cb3129-c38b-4c14-b526-95c275c10828,Whey Protein,2025-06-21,4,4974
Twitter,PowerBoost,512,88300ad6-de34-4f0b-b82a-dc085a65bec7,Multivitamin,2025-05-29,18,9461
Twitter,FitJuly,861,757ace3d-de17-4d17-8b0f-fc650e1677e8,Vitamin C,2025-05-06,10,7921
Instagram,FitJuly,892,f2b1ebb3-5ead-4feb-a4d5-4cb73bc85a7b,Creatine,2025-06-07,4,8639
Instagram,PowerBoost,1000,68aee850-e78c-4ec1-8ee6-7a207ea65382,Vitamin C,2025-06-22,4,3649
YouTube,SummerShred,869,d669cea0-72eb-4a64-9cad-9c080f3bcbb0,Vitamin C,2025-07-16,18,5605
Instagram,WellnessWave,520,1b1939ce-e4b5-4ec4-93dd-e9e7e3d22196,Multivitamin,2025-07-06,13,1632
YouTube,PowerBoost,190,f18b0a2a-5458-4668-884c-c5365f9e62c9,Creatine,2025-05-15,16,1490
Twitter,PowerBoost,865,ed3a59eb-fda5-4d32-a4b2-0db312c18796,Creatine,2025-05-23,13,9028
Instagram,PowerBoost,911,518b058f-2036-44d0-b110-305db41fe95f,Multivitamin,2025-06-04,19,8837
Twitter,SummerShred,993,1332ca1a-7c6c-4634-8188-1038740e8f05,Creatine,2025-07-02,16,4852
YouTube,PowerBoost,247,c307bf5f-a37b-4168-a20e-5e0066ba455b,Vitamin C,2025-07-01,1,9398
Facebook,PowerBoost,69,6f893c92-db4f-44b0-ab52-b666e612b209,Whey Protein,2025-05-27,19,6277
Twitter,FitJuly,709,4baeb753-bb61-4165-ab8f-8e035b8b1429,Multivitamin,2025-07-02,4,8125
Instagram,PowerBoost,228,608fd9c1-ddb4-4078-94c9-b22caec653c0,Vitamin C,2025-04-26,14,2436
Twitter,PowerBoost,835,d359b5f5-ddbd-411a-b40a-c767a6463194,Whey Protein,2025-06-22,13,5766
Instagram,PowerBoost,112,fd6c516a-8a25-4ee6-a4c7-7f72df15964b,Creatine,2025-07-20,2,9719
YouTube,PowerBoost,721,f23b87ad-2ca3-4123-a014-127e67f6328f,Vitamin C,2025-05-18,12,1489
Instagram,PowerBoost,136,760e0fdf-6613-4c7d-9613-5fe199f6d682,Vitamin C,2025-07-12,15,2096
Facebook,PowerBoost,24,767c2bad-6e4d-4705-9ecb-2c666d42d90c,Whey Protein,2025-06-18,1,3373
YouTube,PowerBoost,615,47e6cdec-6382-42ec-aebb-12f32c534adc,Multivitamin,2025-06-09,2,7073
Twitter,FitJuly,423,fc2464e0-3f34-4a08-b8e9-d74a626f96e0,Creatine,2025-07-19,19,1159
Facebook,SummerShred,801,68981a5e-a515-4555-8b0d-2cda83f12be4,Creatine,2025-07-01,12,5586
Instagram,WellnessWave,948,b174cd27-79b7-4c85-81e8-4b0798ed699f,Creatine,2025-06-15,7,4814
Instagram,SummerShred,788,fc9afd21-a66d-4f0e-86c9-b13baea218c3,Multivitamin,2025-05-17,2,8541
Instagram,PowerBoost,774,483b91d7-1074-4b8d-b46e-561ab5811dbb,Whey Protein,2025-05-05,16,5160
Facebook,WellnessWave,648,c2c3e71b-4d05-409c-9ad3-18e12a7ee707,Multivitamin,2025-06-22,19,7666
YouTube,SummerShred,287,ae64bf57-b6d4-428e-b41c-d750f94fe371,Whey Protein,2025-06-18,3,1127
Facebook,PowerBoost,698,b9dc9c0b-2bca-42bb-a9d0-5ff4eaaaf967,Vitamin C,2025-05-23,15,4360
Twitter,PowerBoost,310,aa53fe3e-4e48-49cb-acd5-1398e93d2ac8,Creatine,2025-07-03,16,3368
Facebook,PowerBoost,847,b28774c1-fdad-4751-bd11-936e323f003e,Whey Protein,2025-05-10,13,7897
Facebook,SummerShred,846,9ce3b065-68c2-4abe-a0d9-d13795472afb,Whey Protein,2025-07-03,7,9468
Facebook,WellnessWave,732,5eff29a3-fd8c-4d84-bc32-6cfeb9de8ca1,Multivitamin,2025-05-15,20,9081
Facebook,PowerBoost,555,a2870095-71e0-4caf-8825-78422df84f19,Whey Protein,2025-05-18,14,9724
YouTube,WellnessWave,559,b352a4ce-518a-4ecc-a2f1-6cae87b511c9,Whey Protein,2025-07-20,11,8396
Twitter,SummerShred,321,816c21fe-a009-47eb-8f01-8efcc163daac,Vitamin C,2025-05-16,18,2647
Instagram,WellnessWave,832,78726e74-9baf-47c8-bf89-23907c407f6a,Whey Protein,2025-06-27,19,5829
Twitter,WellnessWave,690,c575ada2-4790-4b21-aafa-0cf40b6a1eb3,Creatine,2025-05-30,9,2107
Instagram,SummerShred,2,0274f1b2-ac86-41ad-84ff-439cb2c9dd05,Creatine,2025-04-28,10,6572
Facebook,PowerBoost,371,26659d9d-eaa0-48d1-b3d0-c679a82de04b,Whey Protein,2025-07-10,4,9838
Twitter,SummerShred,282,727bf1b5-cc87-4a77-9165-5a6dc580be53,Multivitamin,2025-06-24,3,2479
Instagram,FitJuly,777,9d625959-2276-408a-aa0f-74ee57e66696,Whey Protein,2025-05-31,2,2108
Twitter,WellnessWave,629,2dde1f45-d3d2-431d-bdd6-7949c9aa9676,Vitamin C,2025-04-29,16,7278
Twitter,FitJuly,993,4a82ea1f-3782-425d-ae5a-4557e1b83163,Creatine,2025-07-19,16,8987
Facebook,SummerShred,596,450a649b-2472-4750-95d0-833b2c484034,Multivitamin,2025-06-04,19,8941
Facebook,PowerBoost,145,e9dcf358-5589-4742-a48d-39107ac28fca,Multivitamin,2025-04-25,8,5196
Instagram,PowerBoost,637,d83c376e-c97f-4e1a-82bf-5675e8a3daad,Creatine,2025-06-09,7,3810
Facebook,PowerBoost,495,4df81380-13b3-4f86-94af-5b8468eccccd,Creatine,2025-05-02,12,2278
YouTube,SummerShred,181,9968e9d8-9156-4836-8e44-8cf7a8728532,Multivitamin,2025-05-11,9,8796
Twitter,FitJuly,606,4959ae57-15bc-4866-b4e7-d453b2fc402f,Creatine,2025-06-03,4,8102
YouTube,FitJuly,410,b056e6f1-3a26-4d18-82a0-859a1c56e1be,Multivitamin,2025-06-18,6,3560
Instagram,PowerBoost,322,eac25ffa-a06c-4cf3-9ec7-e6acfac2c89c,Vitamin C,2025-04-25,10,8941
Instagram,FitJuly,182,4c02f5c9-8048-4540-8886-cfb5caed2be2,Multivitamin,2025-05-15,4,5055
Twitter,WellnessWave,743,e7f1a5b0-77e7-4ac0-9c54-94cf0bbfeaed,Multivitamin,2025-06-04,3,6434
Instagram,PowerBoost,127,dd44dea3-cdfe-435c-8958-740d54bd2006,Whey Protein,2025-07-10,16,7951
Facebook,SummerShred,78,11be85fa-1b87-4e78-bd88-d1c982f2abe7,Multivitamin,2025-07-21,14,731
Twitter,SummerShred,610,ee21eb3e-0829-4f81-8f9a-56d7d1ee2061,Whey Protein,2025-07-14,10,690
YouTube,WellnessWave,9,9ba79858-621c-4e94-9ab1-ab89ce6c5302,Whey Protein,2025-04-25,18,1499
Facebook,WellnessWave,298,baa6dec1-cbd2-40a0-9b4a-efa59336bd6e,Whey Protein,2025-06-26,9,2391
YouTube,SummerShred,90,74d2c748-41f5-49ec-a2a2-c3201bc357bb,Vitamin C,2025-06-13,16,9905
YouTube,FitJuly,287,99b63d37-f484-45e3-b2a6-9fa277db7d2e,Creatine,2025-05-18,17,2451
Instagram,WellnessWave,137,56f3baf7-9ae3-4ca1-aab1-2da040be93f4,Whey Protein,2025-06-05,5,4056
Facebook,WellnessWave,542,697aede0-253f-494d-9aa0-cd03f48fe017,Whey Protein,2025-06-05,7,6962
YouTube,WellnessWave,937,5207ac2b-1b5d-4ad0-a106-f511048bc7f5,Creatine,2025-06-15,11,7559
YouTube,SummerShred,352,13a6b897-6686-4b6f-8778-14440bd61700,Creatine,2025-07-11,16,2569
Twitter,PowerBoost,273,6f66965f-2bac-46c1-8f18-e1cc9485b3bf,Creatine,2025-05-01,19,4922
YouTube,PowerBoost,699,21c6cccb-07aa-4c02-8af5-b8826b1403c1,Vitamin C,2025-07-10,13,5477
Twitter,FitJuly,669,6837cad0-caea-403d-bb64-1976104a1fa5,Multivitamin,2025-05-16,14,591
Instagram,WellnessWave,755,78b85fc9-b313-40ea-8b6a-87510b9703c7,Whey Protein,2025-05-19,1,1264
Twitter,PowerBoost,35,5974c6e6-b7e3-4ed1-a799-b830feb13b34,Multivitamin,2025-06-17,15,4013
YouTube,WellnessWave,497,eec731ba-b7fa-4bcd-8778-39f1306410eb,Vitamin C,2025-07-14,10,1688
Instagram,FitJuly,862,4706fb88-192f-4f02-ac87-5915adf4725b,Vitamin C,2025-05-22,12,9003
Facebook,SummerShred,656,bf3c18e7-49db-4379-a339-6a6fee992d75,Creatine,2025-06-29,16,3165
YouTube,WellnessWave,735,93a69c17-6901-4e77-8110-e0dc69511aa5,Multivitamin,2025-06-24,7,1444
Instagram,FitJuly,974,84bae2a9-8ac4-4870-958f-2c67e679d15c,Creatine,2025-05-12,20,5300
YouTube,WellnessWave,481,cd9acffb-5df9-47e1-adc7-b60228ca732f,Vitamin C,2025-07-18,17,4372
Twitter,FitJuly,963,a09c7f89-e450-4093-83bc-a1129f7ac6c7,Multivitamin,2025-06-13,15,1592
Facebook,PowerBoost,230,3b00d772-867e-4101-86ee-e74cc005f222,Whey Protein,2025-06-15,18,7814
YouTube,WellnessWave,881,aa5f9978-8ea3-43bd-824a-0a08165f9e06,Whey Protein,2025-07-05,14,7561
Twitter,SummerShred,335,d4b816ea-3478-4bb1-a187-cf1f7c5fe84e,Multivitamin,2025-06-30,2,515
YouTube,PowerBoost,909,710acdbc-3285-49a6-87fe-7b7565673773,Vitamin C,2025-06-21,9,9546
Instagram,PowerBoost,782,c810afde-fdec-4812-8a07-84c25052d7f8,Vitamin C,2025-07-04,14,3574
YouTube,SummerShred,973,6d834fc5-6971-4111-887a-cfd931d2db1e,Whey Protein,2025-05-18,6,3649
YouTube,FitJuly,161,1351400a-f8d2-4ecd-855c-60cbb572ff01,Vitamin C,2025-07-15,20,6967
Twitter,FitJuly,915,5cdf4b7c-44d7-42f5-8901-907ec6eafa3f,Multivitamin,2025-07-10,4,1898
Twitter,FitJuly,620,45afb906-9dac-4232-81ee-e259e6f014ab,Multivitamin,2025-07-15,17,4945
Instagram,PowerBoost,566,4ba2d520-3f9c-43e7-9b02-0ba1f897b11a,Creatine,2025-06-07,2,849
YouTube,WellnessWave,118,d90ffae7-71da-4910-91fa-174a3cf5f44d,Creatine,2025-06-06,17,7071
YouTube,WellnessWave,391,d98925e5-bffe-40c1-82d7-bdd463e006a6,Creatine,2025-06-06,5,9261
Instagram,SummerShred,228,2c6447f4-1aa1-49ec-9a2b-724d27583480,Creatine,2025-05-06,6,7607
Instagram,WellnessWave,196,46d3f6d6-7b92-44e6-8a84-a21e48baff83,Whey Protein,2025-07-04,9,8679
Facebook,WellnessWave,463,4701d908-dc2b-43b3-ac78-cb233a9e4b62,Creatine,2025-06-30,14,7004
Facebook,SummerShred,199,7184d9c9-6561-4cd7-9885-0551ea1849d2,Vitamin C,2025-06-26,5,949
Twitter,WellnessWave,511,bd16175d-da68-4a09-baba-41feff8661fb,Vitamin C,2025-05-12,10,8187
Twitter,PowerBoost,218,37ed3144-e407-4b29-b0a2-d20fc9a7f66b,Creatine,2025-04-28,6,4761
Facebook,FitJuly,525,d0152b3a-8e84-4434-a6a5-23d93ee51a73,Whey Protein,2025-05-31,12,6892
Instagram,PowerBoost,675,5642037d-1f1a-450e-ba74-438424548bbd,Multivitamin,2025-06-21,15,1342
YouTube,WellnessWave,209,07348076-1d3c-4a12-b593-4a0ed8cc7f5b,Whey Protein,2025-07-19,19,7911
Twitter,WellnessWave,688,afd9ec57-206d-47eb-b531-7688754c463f,Creatine,2025-07-02,13,8949
Instagram,PowerBoost,475,b1345dc5-2dd2-49e6-aaa5-3d9eade94668,Creatine,2025-05-22,20,5199
YouTube,PowerBoost,714,327b3653-b99a-47d0-99cb-15e230a4b40d,Creatine,2025-06-15,18,4527
Facebook,WellnessWave,173,7e202016-a727-4295-986a-6ef3206de095,Vitamin C,2025-06-19,12,2773
YouTube,WellnessWave,643,f65d2c16-0cb3-46e6-95b1-0f074381ab9a,Whey Protein,2025-05-15,2,5418
YouTube,PowerBoost,337,0dfa80fc-2b70-4856-9c3e-3d30f11c7838,Whey Protein,2025-06-10,13,8317
YouTube,PowerBoost,634,a14cc8f6-6c53-4d7a-b1f5-6c1c7271b4ec,Whey Protein,2025-07-02,20,1360
Facebook,PowerBoost,349,e5073b0a-7bfd-447a-9851-1462e65e9c5b,Vitamin C,2025-07-21,7,2924
Instagram,FitJuly,248,9b8791ed-764f-4e7b-b5c6-9c83b11cb74a,Whey Protein,2025-05-13,3,5647
Facebook,PowerBoost,687,1c78506c-ad4b-4a28-a76c-082518a2533b,Vitamin C,2025-05-16,17,5837
Facebook,SummerShred,540,42201e1a-0dd9-482d-a192-f1dc80cf1736,Whey Protein,2025-06-24,17,5822
Twitter,FitJuly,888,602e8c55-9f33-43ce-a8c1-ea9a779b339e,Multivitamin,2025-06-24,19,9000
Facebook,WellnessWave,440,f2f0dc21-3b04-4c60-9fa7-0115f69fcc47,Whey Protein,2025-07-16,12,4279
Twitter,PowerBoost,233,65e71b6a-58b9-4b4a-8cc3-9a3a5339bf7e,Creatine,2025-06-08,8,7950
Facebook,FitJuly,544,a8e325aa-1215-4837-8cef-92419d405e95,Whey Protein,2025-07-21,8,6548
Twitter,FitJuly,142,1b091bae-3c82-4c2e-bb03-ff943cf4bf92,Whey Protein,2025-05-09,18,3566
Facebook,FitJuly,626,65914ee5-0e00-479d-89e5-27e6b5c6573b,Creatine,2025-07-06,3,8592
Twitter,SummerShred,451,bd7e226c-b26c-4905-8857-104c59eb3626,Whey Protein,2025-05-18,7,8636
Facebook,SummerShred,440,fcafd6df-de3b-4ade-b4a3-d6024cf25ed5,Creatine,2025-07-06,5,1236
Facebook,SummerShred,648,31012dfe-1ae2-4da7-b661-c4ec0f6ee55f,Creatine,2025-06-06,20,9140
Instagram,SummerShred,110,8087274d-f5a5-482b-bad8-bd4b54ebbb3c,Multivitamin,2025-04-25,11,5914
YouTube,PowerBoost,129,25377429-b693-4f9e-869e-a8a22063852b,Vitamin C,2025-07-20,11,1080
YouTube,SummerShred,72,1812bd39-2aeb-4bd1-a72b-3d75f78b07fb,Vitamin C,2025-06-20,11,4270
Instagram,PowerBoost,627,7a3016a7-379f-4293-8bec-97e75bab2319,Creatine,2025-05-29,9,8966
YouTube,WellnessWave,643,b668a3ac-0f3a-4987-9fb8-06bcbb9de3f5,Vitamin C,2025-07-01,8,7427
Twitter,SummerShred,465,0c3dcf08-d035-43f6-8d2e-856720466985,Creatine,2025-04-27,17,9393
Facebook,SummerShred,640,ad525b0c-2517-477b-bf7d-d5d2593c2e33,Vitamin C,2025-06-06,6,7851
Instagram,WellnessWave,799,e0e7a14a-ee53-4602-a4c9-91a5bf8f50a5,Creatine,2025-06-19,12,587
Instagram,SummerShred,780,2bf64d23-eb7d-4606-b6dd-c8e15175bde1,Vitamin C,2025-07-20,1,7574
YouTube,WellnessWave,908,76307ecc-7cef-48dc-aba7-e31d0a84e51a,Creatine,2025-07-06,9,4836
YouTube,FitJuly,189,1dfbc636-47fc-4347-9889-e874f0f1f8f4,Whey Protein,2025-05-01,14,8623
Twitter,SummerShred,763,cd152357-9bb5-40de-a816-f87e17d04b6d,Whey Protein,2025-05-02,3,6137
YouTube,WellnessWave,643,a778a5d9-c6bb-4683-9951-1defa21b8f64,Whey Protein,2025-06-14,16,7499
Facebook,SummerShred,122,869ed325-1dc6-4a66-a7fa-c0f1491923a2,Creatine,2025-05-25,16,7299
Twitter,WellnessWave,197,25b645d8-5b97-4b18-9879-0099e6e1bd9f,Vitamin C,2025-06-11,9,603
YouTube,PowerBoost,881,31049358-2cca-4bee-a77e-39d93b8ba7af,Creatine,2025-07-01,5,1577
Twitter,SummerShred,982,59723449-5f17-4112-aa84-f9dc67bcb764,Whey Protein,2025-06-23,15,1607
Facebook,SummerShred,530,1b4aa882-147b-4d37-961b-d5dd0db7d8ca,Multivitamin,2025-06-14,2,4420
YouTube,FitJuly,457,976916d3-08de-4514-a297-a32b33516d5c,Vitamin C,2025-05-27,3,7259
Facebook,WellnessWave,131,37dd16b8-b6e0-4323-80c7-31cc63aae391,Whey Protein,2025-06-11,15,831
Facebook,SummerShred,546,3c5cc7c6-3777-4a32-adcb-f40097f61ea3,Creatine,2025-04-24,13,3270
Twitter,FitJuly,85,cf2ac54f-64b1-446e-a332-a3dd095db6b7,Creatine,2025-05-09,13,6762
Facebook,FitJuly,48,a22ad421-069f-4aea-ae3d-5cecdc2f8080,Multivitamin,2025-06-17,3,1656
Instagram,SummerShred,960,dad7fe0b-4a0f-41cd-9891-258b52613366,Creatine,2025-04-24,3,4314
Facebook,PowerBoost,122,aad330f3-d0f6-4468-b6bd-7016e9f55a5f,Creatine,2025-06-27,7,9885
Facebook,WellnessWave,876,415987b6-bc9b-403f-b03b-ed4a85888575,Creatine,2025-05-17,6,4106
YouTube,SummerShred,983,66679b9e-d7a4-4f2d-9e2c-c495a8213422,Multivitamin,2025-05-23,2,4522
Twitter,FitJuly,26,8b99a3cc-4817-4d7f-bf58-4dfbfc864a37,Whey Protein,2025-07-17,5,9947
YouTube,FitJuly,151,8d342020-b636-462f-bbee-78e975954715,Multivitamin,2025-06-30,7,4101
YouTube,PowerBoost,285,b9f9b352-fa1d-4c86-a674-ca7991ba0a9e,Creatine,2025-05-14,17,6342
Twitter,FitJuly,363,1fdc43f0-ccf2-4c9d-81a7-8ffae7a78317,Whey Protein,2025-06-21,15,8859
Instagram,FitJuly,336,922b9398-a890-427d-9bd3-10c9e0f61ce3,Multivitamin,2025-06-20,6,3912
YouTube,PowerBoost,97,786467b5-ab56-4e44-9838-6c93f8033ddd,Creatine,2025-06-02,12,8266
Twitter,SummerShred,135,edd31d0f-cb8f-4026-b506-fe736bd0b15f,Multivitamin,2025-05-27,6,923
Facebook,WellnessWave,990,9c91b283-bcde-4a68-9a25-aa61fd5de3c7,Vitamin C,2025-05-19,19,6259
YouTube,PowerBoost,152,b96641b2-c2d6-463a-abef-f89ff5e9552e,Creatine,2025-05-26,14,9567
Twitter,WellnessWave,549,93e20e48-ec8b-46e7-8518-8065a45d3d73,Multivitamin,2025-07-17,18,9901
Facebook,PowerBoost,842,86005b13-c6b3-43be-93cd-8a3fefa5aee2,Vitamin C,2025-05-01,4,5991
Twitter,PowerBoost,174,46bc5fef-14bb-48a8-9b9b-02090d8cb320,Multivitamin,2025-05-30,6,7698
Facebook,FitJuly,295,a7a466f6-6223-48ed-8f54-d96f979bcd31,Vitamin C,2025-07-01,18,864
Facebook,WellnessWave,657,0bada4d0-0009-41b5-ae13-0277803ba78d,Creatine,2025-05-12,1,7504
YouTube,PowerBoost,318,e956acc0-26af-4b57-8e88-02a7e3f84291,Vitamin C,2025-05-15,4,1592
Instagram,PowerBoost,453,99d63e2e-948b-4bae-ba10-ca715a7dca2a,Creatine,2025-07-12,8,1128
Facebook,FitJuly,542,fe70bb15-d5f4-4dde-93e3-f5ee33bba31c,Whey Protein,2025-07-03,6,8544
YouTube,WellnessWave,151,205883f6-0f85-4c14-8e01-68aab39aa194,Multivitamin,2025-06-17,13,7433
Twitter,SummerShred,451,bafe3289-abc7-4681-8796-b0c552751d7a,Vitamin C,2025-07-21,1,2034
YouTube,FitJuly,352,0845a87b-de9b-40cb-81e0-6ec0c4123e77,Whey Protein,2025-05-27,14,9029
Facebook,FitJuly,162,5a407837-e5ae-4186-880d-2595c9cac59a,Whey Protein,2025-06-14,14,4287
Facebook,FitJuly,804,bc324c1b-2f39-4733-a64e-c930617b9262,Whey Protein,2025-05-22,10,7134
Twitter,PowerBoost,988,f8499a9d-f359-4c4c-89a0-1e07e629623f,Whey Protein,2025-04-24,14,9530
Instagram,WellnessWave,820,93a71ea2-ff2f-402e-abe2-15c4e3cb30f6,Creatine,2025-05-12,20,5411
YouTube,WellnessWave,658,880da501-9a8e-4524-bbee-f6dd46187b5e,Multivitamin,2025-05-28,7,5100
Facebook,SummerShred,984,5b84c29d-47da-419f-b56d-edb0aebc2f37,Whey Protein,2025-05-11,7,5515
YouTube,SummerShred,130,063cb868-ea1c-4456-9c13-41eac6349e02,Whey Protein,2025-05-25,19,4668
YouTube,WellnessWave,651,5acb2a17-3be6-4217-9673-8aac9b0d7d4d,Vitamin C,2025-05-08,1,9221
Instagram,SummerShred,193,6fd94b42-bfc3-4473-be16-f45bd5c5ffa0,Whey Protein,2025-06-07,17,6288
Facebook,SummerShred,306,46b96714-c630-449b-93ee-3016d6072898,Vitamin C,2025-06-26,7,9957
Instagram,PowerBoost,112,f30c9119-3ac0-462f-a4cc-4db190f697f4,Creatine,2025-06-02,15,8657
Twitter,PowerBoost,101,8012dc9b-f41d-4f36-be85-21722f670750,Whey Protein,2025-05-09,19,4549
Instagram,PowerBoost,424,35494080-fbe4-4e34-a976-5c0b29099188,Multivitamin,2025-05-17,17,6806
Instagram,FitJuly,331,bc386c00-5590-4032-81a4-0d2a3b821d71,Multivitamin,2025-05-12,7,2629
YouTube,WellnessWave,999,1429071c-90d5-4270-b87d-c62e626a3580,Multivitamin,2025-07-18,3,3121
Facebook,FitJuly,217,09e86edf-79b1-4014-82ee-7a6085dc5d02,Vitamin C,2025-04-26,4,9961
Facebook,PowerBoost,490,80721f8e-453d-4658-b574-5fb02b8ca759,Multivitamin,2025-05-15,2,5080
Facebook,WellnessWave,48,d0fe673f-8636-4f28-9c0b-ce773871e8a3,Multivitamin,2025-05-13,10,5579
Twitter,PowerBoost,432,9b009d05-4346-444e-a8f5-41b681db93e5,Vitamin C,2025-07-16,17,9495
Twitter,PowerBoost,655,0f7f37e1-fadd-4874-85ad-7e050a4aed86,Multivitamin,2025-07-21,1,4542
Facebook,PowerBoost,7,5f8069c6-6f52-4120-9be0-6d3451a0a357,Whey Protein,2025-07-15,5,9197
Twitter,SummerShred,682,023b8f06-ea06-46ea-bf5d-3e13643bed40,Multivitamin,2025-05-14,2,8938
Facebook,PowerBoost,926,57a996c3-1a78-4a2f-9feb-ca01f47506e9,Vitamin C,2025-05-05,2,3772
YouTube,FitJuly,18,8974c031-e8ae-4fc1-94b0-f9e9eccfbbf2,Vitamin C,2025-04-24,6,1130
Twitter,SummerShred,255,94767528-6240-444a-b0db-880650b6daa5,Whey Protein,2025-06-17,6,6182
Instagram,PowerBoost,586,68418461-f31f-40c3-9f34-357d381cdb74,Creatine,2025-05-26,6,6097
Instagram,WellnessWave,589,281c7b3f-5d19-4d18-9beb-c7866704a89f,Multivitamin,2025-04-24,5,3945
Facebook,WellnessWave,565,56bb7273-3d80-4398-884c-91c6717a8798,Multivitamin,2025-07-09,8,6159
Instagram,WellnessWave,807,e5cbc55e-87fa-4575-8ddb-430e4cd74438,Vitamin C,2025-04-27,12,1254
Twitter,PowerBoost,462,e85295c6-7b0e-4535-8f4e-7790697a4970,Multivitamin,2025-06-12,15,7896
Twitter,PowerBoost,964,5c1108ee-3560-4db3-baf2-733d7510f870,Whey Protein,2025-07-18,15,7591
Twitter,SummerShred,756,83ffda37-2391-440d-9894-2de537158786,Multivitamin,2025-06-30,12,7665
Instagram,WellnessWave,80,66ee3485-5dd1-47f3-8c05-ce9580ccad73,Creatine,2025-07-21,17,7851
Facebook,FitJuly,602,417d3981-e060-4735-ba54-a72aeb924407,Creatine,2025-05-13,18,5961
Instagram,SummerShred,1000,2dffbdba-4e89-4411-9350-44afa3098d2d,Vitamin C,2025-05-27,2,8182
YouTube,PowerBoost,707,0d0e3bbd-ecdb-483b-8bea-05a6608eb1c3,Vitamin C,2025-06-24,15,9584
Twitter,PowerBoost,282,93d751a3-70cc-47a6-a8d8-7e2f39e7303a,Whey Protein,2025-07-16,2,3210
Facebook,PowerBoost,433,a94a3244-a1b0-4ede-98ce-fd1e5e56f754,Vitamin C,2025-06-22,20,4889
YouTube,SummerShred,170,b4504f8d-aa79-4668-a472-5f110ea5e414,Creatine,2025-06-17,20,5489
YouTube,PowerBoost,420,d1f30eb5-1916-46c0-b508-a1baa869a312,Vitamin C,2025-06-11,2,9738
Twitter,FitJuly,642,24affab7-81e1-4947-aba6-a1a0b687b282,Creatine,2025-04-28,13,5615
YouTube,FitJuly,287,237ca12f-8f12-4de6-a8b5-194b988e5ff5,Creatine,2025-06-15,6,4897
Twitter,WellnessWave,705,24c5a6d4-14a8-48b3-bd6a-ff16da6e808e,Multivitamin,2025-04-29,1,3457
Twitter,PowerBoost,588,19a6a345-122d-44c9-9d92-c624ada2bcbd,Creatine,2025-05-08,4,6447
YouTube,WellnessWave,978,b18e7a33-8c2d-477d-ba83-626721f01c58,Multivitamin,2025-06-24,14,8916
Instagram,FitJuly,782,b11f304a-544f-41fa-b244-9d64cd25bdde,Vitamin C,2025-04-29,9,2920
Instagram,FitJuly,33,335421ce-d047-4d13-8012-290c4277c7d9,Multivitamin,2025-06-03,19,7674
Twitter,PowerBoost,946,15386359-4d0c-4634-bc9d-a043b6bd7696,Multivitamin,2025-06-20,16,3875
Twitter,FitJuly,579,01a11a2b-4f54-4dee-8523-dbcbcc282970,Multivitamin,2025-07-09,1,9855
Instagram,SummerShred,857,e06cb39a-f304-4b99-bf9c-6ef9039fde3e,Vitamin C,2025-06-21,5,5408
YouTube,PowerBoost,736,e661498a-8351-484c-beca-167600cb5cf1,Multivitamin,2025-05-06,19,6876
Facebook,SummerShred,534,b29fba6c-6c89-4f7c-be60-089eba9e4eb2,Whey Protein,2025-04-26,19,5191
YouTube,FitJuly,457,0754589b-8abc-450f-b171-4e2a0acd6cdc,Whey Protein,2025-06-06,15,7618
Twitter,WellnessWave,236,dd52c812-dfa7-49fb-821a-0c438ac1f356,Creatine,2025-05-09,8,2899
Instagram,FitJuly,677,08e1768e-0b68-4b40-8e1a-c2b9d60229c3,Whey Protein,2025-06-25,7,4057
YouTube,PowerBoost,837,d8d6ec41-c8fa-482c-921d-62687bb40ac6,Vitamin C,2025-06-07,11,9238
YouTube,WellnessWave,790,b1f48e69-d6bd-4f81-85a6-0fbaaf3871ab,Multivitamin,2025-05-11,7,1381
Twitter,PowerBoost,871,c8512c31-af54-4bce-b37c-9f00d6dc81e8,Whey Protein,2025-06-29,13,2091
YouTube,WellnessWave,725,ea1c7d66-8512-4311-9dc9-a7eceb4a87ca,Whey Protein,2025-04-25,4,9169
Facebook,PowerBoost,687,635d7a10-10aa-4bdb-a252-8ae50d97cbda,Whey Protein,2025-06-23,19,5661
Instagram,PowerBoost,313,0f15b3b6-cf48-4537-8d62-d20844801b2c,Whey Protein,2025-07-15,2,1658
Instagram,WellnessWave,1000,ab7d7ede-9854-41eb-b14c-a93fc3b23fa1,Whey Protein,2025-06-03,12,8938
Instagram,FitJuly,624,98263b84-43ea-43f3-bc38-e628c704fab1,Whey Protein,2025-06-07,19,3964
Facebook,PowerBoost,684,b7b1510b-dfc8-4d38-bcc5-30f601bc6d02,Whey Protein,2025-07-01,18,9498
Facebook,PowerBoost,530,5a6e8e8e-cf2a-4814-9ee0-d2726dea51c0,Multivitamin,2025-05-27,13,576
Facebook,SummerShred,295,a446e99a-840e-4226-9a66-49cb1699922d,Vitamin C,2025-07-07,15,7289
Twitter,FitJuly,896,f527ce08-4b42-43c8-863e-ca23104928a5,Whey Protein,2025-06-19,1,5001
YouTube,WellnessWave,612,cbbbf595-9bfa-46c0-9ef8-3e1655584132,Whey Protein,2025-04-26,16,2551
Instagram,FitJuly,138,e659147e-0b60-4525-99c5-10d70bdef98b,Creatine,2025-07-16,3,3837
Twitter,FitJuly,993,e6a776bb-d6ed-4d17-b063-8cdc758e3fad,Multivitamin,2025-06-29,7,9257
Instagram,PowerBoost,270,73475973-04c3-402c-9a86-82c021251ce1,Whey Protein,2025-05-19,5,8418
YouTube,FitJuly,917,8b80045e-1175-4a2d-9847-72de5e51489e,Vitamin C,2025-05-30,3,9901
Facebook,FitJuly,712,5f4d9e34-ca3c-4290-b1f1-652f5b84a02f,Vitamin C,2025-05-02,4,4892
Instagram,FitJuly,857,093a61e4-d785-4f16-a4aa-6fc2d97ae3a0,Whey Protein,2025-06-20,20,3793
YouTube,SummerShred,515,6d675a08-26cc-4670-bf2a-12bd9ad6b175,Vitamin C,2025-05-19,11,8456
Instagram,SummerShred,830,c767b4c7-e90a-4701-94d7-383ab85e46be,Creatine,2025-05-21,13,804
Twitter,WellnessWave,963,f8258b4c-9755-4751-acc0-51151bfb91ea,Vitamin C,2025-06-06,16,1909
YouTube,WellnessWave,484,e6109136-0f07-4332-b49d-8544f2500a63,Whey Protein,2025-06-09,2,8767
Twitter,FitJuly,964,4fc5ee85-0a69-44d8-8f26-bc8613666e64,Vitamin C,2025-04-24,7,7950
Twitter,PowerBoost,864,ffc47198-c272-4be9-b3a1-f248b3a3742f,Vitamin C,2025-07-05,9,5608
Twitter,SummerShred,102,e6ee07b4-5661-4e11-8157-618dc6ea7bdf,Vitamin C,2025-07-18,6,4307
YouTube,SummerShred,570,16c4df93-4d58-47e0-bc5b-4ce583a2927d,Vitamin C,2025-07-04,18,641
Facebook,SummerShred,840,1751a252-db26-4a1e-ab0e-689f80e8c149,Creatine,2025-04-23,15,6664
Instagram,SummerShred,179,718cc2f9-9753-404b-b521-678c804a27bb,Vitamin C,2025-05-13,3,5183
Facebook,SummerShred,808,def2050f-df99-47d8-991b-bcfbbae5421f,Creatine,2025-06-24,1,7921
YouTube,SummerShred,345,8f110740-3dfe-44cd-8466-90bcaba7b8d5,Vitamin C,2025-06-01,11,6321
Twitter,PowerBoost,339,a0bccb6f-e054-4ee2-a373-ec033caec336,Whey Protein,2025-05-19,12,589
Instagram,SummerShred,625,82d8afce-6841-4904-b1c0-9501defcb2ca,Whey Protein,2025-05-28,1,1243
Twitter,FitJuly,276,56a14dd4-c831-45b8-99a3-94aaebd5f846,Multivitamin,2025-06-16,8,3138
Twitter,PowerBoost,32,134d4ef5-80b4-4712-90f2-36f1f525d51b,Multivitamin,2025-06-25,9,2191
Instagram,WellnessWave,274,7f6cb335-3ee0-423a-a30a-0c9d0df43987,Multivitamin,2025-06-11,5,3290
Instagram,FitJuly,103,6e96060d-5665-4328-94ff-69b772943cd0,Creatine,2025-06-29,11,1785
YouTube,FitJuly,693,99bc9db6-45ff-43ea-ab97-db4c6d76bbe1,Multivitamin,2025-06-13,11,9340
YouTube,WellnessWave,999,1f1c861d-434b-4203-9513-ede8338947bc,Multivitamin,2025-05-13,2,9015
Instagram,PowerBoost,138,3bf10645-9eab-4546-ae64-74a785cbe1a2,Vitamin C,2025-05-27,13,1215
Facebook,WellnessWave,554,84547e3c-2ba2-42a7-b85c-ddd8a94f31cc,Multivitamin,2025-05-26,4,2273
YouTube,FitJuly,634,32c79cb7-df9a-46fd-85ca-7d0a6962e3ed,Whey Protein,2025-07-02,20,3191
YouTube,WellnessWave,123,10cd93f3-4508-4429-9b4f-bfe624d15b12,Creatine,2025-05-20,20,4029
Facebook,SummerShred,656,42570fd5-a4a1-4ee1-8b2e-0d3135ae46cb,Whey Protein,2025-06-30,16,2505
Twitter,FitJuly,397,53202fff-0db2-4e9b-a152-8e5ecd2f8fda,Multivitamin,2025-04-27,14,5831
YouTube,SummerShred,300,b5809131-fd05-4b1a-8871-66bbf728e2d4,Multivitamin,2025-07-16,14,7859
YouTube,SummerShred,937,99b1c76f-0f28-48a2-b8b6-78b6913f5d97,Whey Protein,2025-06-27,11,2782
Instagram,PowerBoost,249,dfbf3dec-1a57-4900-ac0b-355f5001d871,Vitamin C,2025-05-01,14,2959
Instagram,WellnessWave,127,1a16ebb4-f819-4806-be6a-6611a71d0383,Vitamin C,2025-04-28,16,704
Twitter,SummerShred,865,0f59d274-1feb-468e-917b-d2adffa56933,Vitamin C,2025-06-13,4,7266
Facebook,SummerShred,954,433059c1-396d-4305-9b7c-d57f21c23f95,Creatine,2025-06-26,6,2266
Twitter,FitJuly,359,d1784970-9cae-4659-bee6-f4d450f3d001,Whey Protein,2025-07-03,6,4239
YouTube,FitJuly,745,1d00876a-7ee7-437a-b04b-3c0de41bc506,Whey Protein,2025-06-11,16,2448
YouTube,FitJuly,869,e29d5f04-23ba-4653-a63e-2b9ee046a244,Vitamin C,2025-06-25,5,4731
Twitter,WellnessWave,676,2291695b-0bdd-4d3a-bdf3-c27ba817de26,Vitamin C,2025-07-21,3,1562
Facebook,SummerShred,495,389817ea-3d48-457e-897f-7c43be07dfb7,Creatine,2025-04-27,15,5133
YouTube,FitJuly,166,e33389b0-2f87-4e14-adfb-cfb3600bb62f,Creatine,2025-05-29,16,4047
Facebook,FitJuly,224,2e4b7567-7d35-42bf-9dd5-d105e567ef46,Multivitamin,2025-06-27,14,6591
YouTube,PowerBoost,378,c628ec07-e4ef-4a53-9f70-879c7d738c0b,Whey Protein,2025-07-03,10,2160
Facebook,FitJuly,438,7e1bf9a8-7a2a-4e19-9560-9cbc92225f78,Whey Protein,2025-06-30,18,5379
Twitter,FitJuly,16,a810f815-f3f4-40b2-8af0-66493b692dff,Whey Protein,2025-06-01,7,6486
Facebook,WellnessWave,460,60d997cf-95fb-4c2f-86a8-f6aa41a5f70f,Creatine,2025-06-09,7,9296
Instagram,FitJuly,57,53bc0f57-af95-47bc-a26c-526678b197c3,Whey Protein,2025-06-16,7,3576
Instagram,WellnessWave,766,e87ed94e-abed-4a8a-a739-f11d97495538,Vitamin C,2025-06-08,12,828
Twitter,WellnessWave,12,b7245293-26dd-4b07-a5db-97575ba01654,Creatine,2025-05-24,5,9285
Facebook,FitJuly,328,c28e1d8f-403e-4076-803e-78225cd95d1a,Creatine,2025-06-23,14,9183
Twitter,WellnessWave,872,04334044-7e02-4136-b3f2-f2c00fc606d7,Whey Protein,2025-06-24,19,1453
Facebook,WellnessWave,517,9e95b567-d804-4ca8-b175-871bb32e2a3a,Creatine,2025-06-15,11,8333
Instagram,SummerShred,396,2de8d2bf-3f5b-473d-b848-12fc69df2f1d,Vitamin C,2025-05-08,8,6191
Facebook,PowerBoost,708,0f104f6f-61bd-4ec7-bb47-574f2ece7515,Whey Protein,2025-06-12,14,3030
Twitter,FitJuly,360,cda32c18-0f29-4499-8d90-4ff5b00fc288,Multivitamin,2025-06-03,16,9962
Instagram,PowerBoost,172,63867a93-7ee5-46de-abc8-8d43ae7a1e44,Whey Protein,2025-05-30,14,1197
Twitter,WellnessWave,26,2ccdfb1c-33bd-4c78-b04d-0693cd20b132,Creatine,2025-04-27,8,3687
Facebook,SummerShred,912,b77441a4-3fb5-4ffb-b52f-a197e40115c8,Multivitamin,2025-06-03,16,6096
YouTube,SummerShred,342,4d0a49d8-41da-4b89-8969-27744c770fe6,Whey Protein,2025-05-13,9,1146
YouTube,FitJuly,189,6ac1468b-fe32-4656-9f67-4e9e50f3e243,Vitamin C,2025-05-17,7,780
Facebook,FitJuly,581,382d31f2-c8da-485c-8e5b-d477231ac7e9,Vitamin C,2025-05-21,8,4292
Facebook,PowerBoost,344,5a0eb70a-300a-4277-a705-c91f19f4bead,Creatine,2025-06-12,9,3935
Facebook,SummerShred,702,e1ffb52f-26b3-45a7-a290-e8e77817fc9d,Creatine,2025-05-17,14,2703
Instagram,PowerBoost,921,3cc6a367-3a57-4dea-8298-8e33ad749b9c,Multivitamin,2025-04-29,19,9254
Facebook,WellnessWave,257,5eec5060-7dba-43e1-a801-555e442ed2a2,Vitamin C,2025-07-18,8,1719
Facebook,PowerBoost,819,a15c6686-25ce-4c51-b22d-5655567bc44f,Creatine,2025-05-31,5,1133
YouTube,FitJuly,905,965b12aa-08d4-458b-afd0-36dfffa3a1da,Multivitamin,2025-06-06,10,8264
Facebook,WellnessWave,455,2af4830c-bd3c-4e71-b09f-eff501886e02,Creatine,2025-07-06,20,4776
Facebook,SummerShred,24,ea0454eb-cb2c-4dcd-8e40-93546aaacb3f,Vitamin C,2025-05-19,20,4329
Instagram,FitJuly,892,77897e1e-5b8e-4e13-961b-833848620ea8,Vitamin C,2025-06-16,3,3787
YouTube,SummerShred,834,f5424b75-a4e5-4e84-8dc6-e4acc9c35b28,Vitamin C,2025-06-19,7,1779
Instagram,SummerShred,774,17adafc1-c60e-4329-aca5-7f3a179f872e,Multivitamin,2025-07-11,11,2248
Facebook,PowerBoost,901,2e9f93d3-08a6-4c36-ba35-24be5583959f,Whey Protein,2025-05-09,17,3076
Twitter,SummerShred,234,d96120bd-ac9d-49b7-897e-5a99024b2e2d,Multivitamin,2025-04-24,4,9498
Instagram,FitJuly,856,d3e63fa9-c4aa-4b19-b33c-2ad85296cd02,Creatine,2025-05-17,1,3873
Twitter,SummerShred,142,c44af821-68ec-4e68-a5bd-326885f06aa9,Whey Protein,2025-05-26,13,6208
Facebook,WellnessWave,692,4df1f362-26f9-4b87-afe3-54423c964f2a,Whey Protein,2025-04-29,5,793
Twitter,PowerBoost,412,a4a811a2-e574-4b93-b969-ac35fde11444,Vitamin C,2025-07-14,20,7015
Facebook,FitJuly,583,c3d2b33f-b188-4e1b-9594-306beb3c2756,Multivitamin,2025-06-20,16,2280
Instagram,PowerBoost,194,788bd652-dc03-4a85-82b8-2cd5647112ed,Vitamin C,2025-05-13,8,8755
YouTube,PowerBoost,293,5fbda85f-44b5-4b3a-9d23-f17721638423,Vitamin C,2025-05-05,14,556
Facebook,FitJuly,441,71658e1b-125d-47b5-b04c-f97753393367,Whey Protein,2025-07-12,1,8330
Facebook,PowerBoost,1,d8d5416a-b423-4c94-9719-f0ec4f728482,Multivitamin,2025-07-08,4,9898
YouTube,FitJuly,493,763cf6bb-a63d-45ec-81cf-3570a831c6f0,Vitamin C,2025-05-03,7,5162
Facebook,PowerBoost,309,07fe3bb4-80b6-4560-92ad-e440d0b7319f,Multivitamin,2025-06-08,7,8946
Instagram,SummerShred,260,52047559-e74d-42c7-888e-fb573a0af5b4,Multivitamin,2025-06-28,20,7127
YouTube,FitJuly,839,b80dda18-0c08-42bd-ac97-58b42bc34371,Vitamin C,2025-05-19,2,3844
Twitter,WellnessWave,432,d2548bab-07c9-4274-824b-6be801935abe,Whey Protein,2025-05-06,17,4280
Twitter,SummerShred,593,035f6c58-19d7-4345-899a-7f18475ac063,Multivitamin,2025-06-19,11,3406
Twitter,FitJuly,144,42c71bcc-3da6-48ae-bd23-380d61719188,Vitamin C,2025-05-08,15,4744
Twitter,FitJuly,443,9d61a1f0-e805-46e8-9ca3-df1a483ff5d6,Creatine,2025-07-05,16,7099
Twitter,WellnessWave,927,c2964aac-86d6-4b8f-9cd0-386061749909,Vitamin C,2025-06-05,11,2000
YouTube,SummerShred,668,98e577e0-81ae-417b-8a28-f2a028e479a9,Creatine,2025-04-26,19,2887
Instagram,FitJuly,841,7d014e5e-2cda-48b0-8b1e-f90bf05fea88,Vitamin C,2025-06-21,12,2810
Instagram,SummerShred,313,05f81642-ba55-4986-80e0-5be31188d1c8,Multivitamin,2025-06-22,15,5189
Instagram,WellnessWave,469,5bcd5fdc-10df-4137-a759-0854f62ea9e5,Vitamin C,2025-05-02,11,1945
Instagram,PowerBoost,147,73f454f5-8b46-45d1-b187-e489b4cbb71e,Vitamin C,2025-06-29,6,4228
Twitter,PowerBoost,795,70075a8b-e5e2-4628-8fe5-548d93ec728e,Vitamin C,2025-05-26,2,8992
Instagram,SummerShred,598,a8d1bfb2-d077-4ba5-9bec-e55cab95f445,Creatine,2025-07-17,20,5158
Twitter,WellnessWave,212,a27a19f0-6a15-45f8-8a2b-6588325387e7,Creatine,2025-05-13,15,6798
Facebook,WellnessWave,105,07dcacdd-59fc-4643-a9da-ae574e10e603,Creatine,2025-07-01,13,9916
Facebook,PowerBoost,912,4a9cbd1e-42c1-4326-9a5c-ca5c8452c500,Creatine,2025-06-07,18,5521
YouTube,SummerShred,351,d313d1a2-c91b-469a-b6c5-5af4f4168e06,Vitamin C,2025-05-31,19,8282
Facebook,FitJuly,445,f9a85170-bf56-44f9-adda-6c7a6b19ba76,Whey Protein,2025-06-25,14,1324
YouTube,WellnessWave,591,d3af1b85-2e24-4c7e-83c9-d13c72ad6607,Whey Protein,2025-05-07,11,9587
Facebook,PowerBoost,573,8399871a-0472-4375-9ee9-68f6e8e28a86,Vitamin C,2025-05-16,1,8068
Twitter,WellnessWave,221,f819a3d3-a23a-462d-b480-fbca711a70b1,Vitamin C,2025-06-21,17,5563
Twitter,FitJuly,73,a5b126de-07fc-460c-906f-cb3569ed3a04,Vitamin C,2025-06-30,13,6399
Twitter,PowerBoost,32,8f39fe62-c1b8-42ff-8b25-fbec3c0981f4,Whey Protein,2025-04-24,1,4840
Facebook,PowerBoost,723,ecaad0f9-7fb0-484a-aff8-c6f9d81e4983,Vitamin C,2025-05-16,13,3273
Twitter,PowerBoost,514,5846384e-3304-40a5-84cc-7950a239c196,Vitamin C,2025-07-15,11,1975
Twitter,SummerShred,562,f4768ac5-a135-450f-9121-e6864be598ce,Creatine,2025-06-17,6,6515
Instagram,FitJuly,820,ae078876-f461-4bd2-be14-4450b46c100b,Vitamin C,2025-05-19,15,1931
Facebook,SummerShred,849,2a8081f0-0d8f-4db0-a3ce-c1bb88d766ba,Multivitamin,2025-04-28,9,7440
Twitter,WellnessWave,302,f54b2a6d-7c38-4144-b6dd-e86fd74a2e9b,Vitamin C,2025-06-26,11,9428
Instagram,FitJuly,533,6bc90514-0517-4674-a940-256a299b03aa,Vitamin C,2025-05-25,3,9327
YouTube,PowerBoost,973,e65621b8-1d3b-4393-b024-93d354a113cd,Whey Protein,2025-06-21,14,8847
Facebook,SummerShred,573,4db8d963-f9c7-42a0-9c0a-fd44b8afff70,Creatine,2025-06-20,15,5590
Instagram,PowerBoost,505,d25f5e3c-ddfc-47d8-a339-a82e97643370,Vitamin C,2025-06-16,20,5265
Facebook,PowerBoost,525,2245cf55-0e80-4a8c-9e44-6aa0f314f26c,Vitamin C,2025-05-15,1,6402
Twitter,PowerBoost,993,9c00ca30-d49a-4dff-9295-e9a555d62dd2,Vitamin C,2025-04-30,8,4346
Facebook,SummerShred,816,08e90a0d-aeed-45dd-a80e-17c8fef8ec8e,Creatine,2025-07-08,18,9390
Instagram,WellnessWave,109,40b56322-02fb-4655-b084-e1f6e6475fbb,Creatine,2025-05-06,9,5569
Twitter,SummerShred,375,f703fb99-9de1-4135-8973-58a6238a01e8,Whey Protein,2025-05-13,14,8244
Instagram,SummerShred,597,15aa884d-21ff-44b4-a646-68661bfcb419,Creatine,2025-07-10,5,4479
YouTube,PowerBoost,62,d5b95b07-764a-45de-97c0-7ac6e25658ce,Whey Protein,2025-06-22,15,2435
Twitter,FitJuly,254,ca5a0923-fd29-490e-b5ec-57242e054a9f,Whey Protein,2025-05-20,2,8820
YouTube,PowerBoost,673,4519c082-6c00-4cc5-a3e7-c768633cc95d,Vitamin C,2025-05-16,20,4595
Twitter,PowerBoost,177,d2be1df9-0196-4c49-90b2-097f3f820a57,Vitamin C,2025-06-02,10,2380
Twitter,FitJuly,236,59ead248-b644-48c4-bab9-179c25d3cc2e,Creatine,2025-07-19,9,9389
YouTube,WellnessWave,971,940cd882-0b26-47a9-ac64-1639abaf1b26,Creatine,2025-07-13,14,1955
Instagram,WellnessWave,138,d4ee51a7-801a-4748-9a9d-f92bd32db8ac,Multivitamin,2025-06-28,8,2650
Instagram,SummerShred,201,9c84e54c-d4c5-442f-ab8a-7be54ef037bb,Multivitamin,2025-06-06,2,9779
Facebook,PowerBoost,569,c82c5b30-8015-4ba0-a239-9116f656943b,Whey Protein,2025-04-26,7,5891
Twitter,SummerShred,310,ccac525d-3236-41e8-b5b1-a02fa5d4f08c,Creatine,2025-05-19,5,3659
Twitter,PowerBoost,334,cc687530-a7f5-4a72-b60a-78c88314765b,Creatine,2025-06-25,13,7574
Instagram,PowerBoost,520,085e90f5-d8db-4cfa-a714-191b89c24962,Multivitamin,2025-06-14,13,5648
Facebook,FitJuly,599,06434b32-4c50-4151-b457-2b68241ce062,Multivitamin,2025-06-28,7,8056
YouTube,WellnessWave,860,8e2850c1-1ce7-4bb9-a876-7d6e4ba9ff90,Vitamin C,2025-06-23,16,777
Instagram,FitJuly,15,5230f130-826f-4e8d-921e-f86a645db899,Whey Protein,2025-06-15,9,1217
Twitter,FitJuly,758,378eff55-0ffb-47f6-b148-3e1c0fd06d6c,Multivitamin,2025-05-29,12,1053
Twitter,PowerBoost,682,63137140-1344-49f4-96a6-18d174653c88,Multivitamin,2025-07-10,18,5899
Instagram,FitJuly,478,5130e711-5a31-4468-b4ce-4b07226758ce,Multivitamin,2025-05-10,10,6556
Facebook,SummerShred,231,2750e78d-d795-4a86-9451-4b313afca3e2,Creatine,2025-05-27,15,3226
Facebook,FitJuly,596,c42a692a-03a1-41f6-947d-ba87aa8ed499,Whey Protein,2025-05-13,19,1140
Instagram,FitJuly,616,5f76a6d6-574e-4cff-92ba-2dd4c12eb755,Whey Protein,2025-06-29,4,1090
Facebook,SummerShred,638,bd0e4755-8263-46d9-9465-bc2679dd9831,Creatine,2025-07-12,13,1026
Twitter,WellnessWave,510,1a283646-58b1-4e1c-a09e-cc0449554032,Vitamin C,2025-05-26,14,5139
Instagram,FitJuly,815,b58df534-2091-4a4e-aacc-23621dee38b3,Vitamin C,2025-06-12,12,4970
Twitter,PowerBoost,872,42bd329d-d560-4c66-9f34-31bfe0be9f4c,Creatine,2025-05-22,19,563
Facebook,PowerBoost,445,7dcc4bb8-38c9-437c-95cc-375e4bae3c1e,Creatine,2025-05-26,6,9287
YouTube,WellnessWave,416,89d3008f-4146-4782-934a-1320778ed91c,Whey Protein,2025-06-05,18,8640
Instagram,WellnessWave,616,b60c3d98-1bb7-45a6-8d27-67c7c1782ab9,Creatine,2025-07-19,13,6815
Instagram,WellnessWave,923,d984f2c7-ca37-4b8f-b70c-232c6aca6f53,Vitamin C,2025-05-04,11,7700
Instagram,PowerBoost,50,34ebe9ad-4c32-419f-ab18-a97adc394e7e,Multivitamin,2025-06-26,13,2915
Facebook,WellnessWave,517,84c4af5c-c59f-4a79-8532-0c80918c5452,Multivitamin,2025-06-23,15,8122
YouTube,WellnessWave,390,45e2cb8b-545b-477c-99b0-f422bbb17895,Vitamin C,2025-06-27,4,6775
Twitter,PowerBoost,928,756e9775-49fb-4a59-ac92-0da9e7a06ab4,Creatine,2025-06-28,17,2489
YouTube,FitJuly,527,a18d2af1-3e29-4193-b88b-085187e454e9,Vitamin C,2025-06-16,18,4098
Twitter,FitJuly,56,116f2994-bcce-4a06-8f44-1a0364a5634c,Creatine,2025-05-28,5,6270
Facebook,FitJuly,440,2b3a1ae1-a0e1-4dd0-85e9-c3d058372469,Creatine,2025-06-29,17,9270
Facebook,SummerShred,728,d0008397-00c0-4a82-8892-43a8b36949c7,Creatine,2025-05-22,9,8064
YouTube,PowerBoost,714,54f9f542-4f99-41f8-a648-ec03dba0db9b,Vitamin C,2025-05-01,9,8376
Twitter,FitJuly,907,d950d196-9fb8-4b22-974b-1cc8d5fe81ec,Multivitamin,2025-07-20,20,4841
Instagram,FitJuly,449,08f28400-3d89-40cc-aaa1-578f8e8417c7,Vitamin C,2025-05-10,7,5295
Twitter,SummerShred,302,b9a53b8b-63ba-4618-b469-1a8d28371623,Vitamin C,2025-06-05,3,3730
